iata,name,city,country,size,runway_ft
AAA,Anaa Airport,Anaa,PF,medium,4921
AAC,El Arish International Airport,El Arish,EG,large,9905
AAE,Annaba Rabah Bitat Airport,Annaba,DZ,large,9843
AAL,Aalborg Airport,Aalborg,DK,large,8707
AAN,Al Ain International Airport,Al Ain,AE,large,13123
AAP,Aji Pangeran Tumenggung Pranoto International Airport,Samarinda,ID,medium,7382
AAR,Aarhus Airport,Aarhus,DK,large,9111
AAT,Altay Xuedu Airport,Altay,CN,medium,7218
AAX,Romeu Zema Airport,Araxá,BR,medium,6234
AAY,Al Ghaydah International Airport,Al Ghaydah,YE,medium,8858
ABA,Abakan International Airport,Abakan,RU,large,10663
ABB,Asaba International Airport,Asaba,NG,large,11155
ABD,Abadan Ayatollah Jami International Airport,Abadan,IR,large,10169
ABE,Lehigh Valley International Airport,Allentown/Bethlehem,US,medium,7599
ABI,Abilene Regional Airport,Abilene,US,medium,7208
ABJ,Félix-Houphouët-Boigny International Airport,Abidjan,CI,large,9843
ABK,Kebri Dahar Airport,Kebri Dahar,ET,medium,8202
ABL,Ambler Airport,Ambler,US,medium,4000
ABQ,Albuquerque International Sunport,Albuquerque,US,large,13793
ABR,Aberdeen Regional Airport,Aberdeen,US,medium,6901
ABS,Abu Simbel Airport,Abu Simbel,EG,medium,9843
ABT,King Saud Bin Abdulaziz (Al Baha) Airport,Al-Baha,SA,medium,10991
ABV,Nnamdi Azikiwe International Airport,Abuja,NG,large,11842
ABX,Albury Airport,East Albury,AU,medium,6234
ABY,Southwest Georgia Regional Airport,Albany,US,medium,6601
ABZ,Aberdeen International Airport,Aberdeen,GB,large,6407
ACA,General Juan N. Álvarez International Airport,Acapulco,MX,large,10832
ACC,Kotoka International Airport,Accra,GH,large,11165
ACE,César Manrique-Lanzarote Airport,San Bartolomé,ES,large,7874
ACH,Sankt Gallen Altenrhein Airport,St. Gallen,CH,medium,4774
ACI,Alderney Airport,Saint Anne,GG,medium,2877
ACK,Nantucket Memorial Airport,Nantucket,US,medium,6303
ACT,Waco Regional Airport,Waco,US,medium,7107
ACV,California Redwood Coast-Humboldt County Airport,Arcata/Eureka,US,medium,6046
ACX,Xingyi Wanfenglin Airport,Xingyi,CN,medium,7546
ACY,Atlantic City International Airport,Atlantic City,US,medium,10001
ADB,Adnan Menderes International Airport,Gaziemir,TR,large,10630
ADD,Addis Ababa Bole International Airport,Addis Ababa,ET,large,12467
ADE,Aden International Airport,Aden,YE,large,10171
ADF,Adıyaman Airport,Adıyaman,TR,medium,8153
ADJ,Marka International (Amman Civil) Airport,Amman,JO,large,10745
ADK,Adak Airport,Adak,US,medium,7790
ADL,Adelaide International Airport,Adelaide,AU,large,10171
ADQ,Kodiak Airport,Kodiak,US,medium,7534
ADU,Ardabil Airport,Ardabil,IR,medium,10823
ADZ,Gustavo Rojas Pinilla International Airport,San Andrés,CO,large,7808
AEB,Baise (Bose) Bama Airport,Baise (Tianyang),CN,medium,8202
AEP,Aeroparque Jorge Newbery,Buenos Aires,AR,large,7710
AER,Sochi International Airport,Sochi,RU,large,9498
AES,Ålesund Airport,Ålesund,NO,large,7592
AEU,Abu Musa Island Airport,Abu Musa,IR,medium,9796
AEX,Alexandria International Airport,Alexandria,US,medium,9352
AEY,Akureyri International Airport,Akureyri,IS,large,8858
AFA,Suboficial Ay Santiago Germano Airport,San Rafael,AR,medium,6923
AFL,Piloto Osvaldo Marques Dias Airport,Alta Floresta,BR,medium,8202
AFZ,Sabzevar National Airport,Sabzevar,IR,medium,10428
AGA,Al Massira Airport,Agadir (Temsia),MA,large,10499
AGH,Ängelholm-Helsingborg Airport,Ängelholm,SE,medium,6381
AGP,Málaga-Costa del Sol Airport,Málaga,ES,large,10500
AGR,Agra Airport / Agra Air Force Station,Agra,IN,medium,9000
AGS,Augusta Regional At Bush Field,Augusta,US,medium,8001
AGT,Guaraní International Airport,Ciudad del Este,PY,large,11154
AGU,Aguascalientes International Airport,Aguascalientes,MX,large,9843
AGX,Agatti Airport,Agatti,IN,medium,4235
AHA,Maa Mahamaya Airport,Ambikapur,IN,medium,6299
AHB,Abha International Airport,Abha,SA,large,10991
AHE,Ahe Airport,Ahe Atoll,PF,medium,4068
AHO,Alghero-Fertilia Airport,Alghero,IT,medium,9843
AHU,Cherif Al Idrissi Airport,Al Hoceima,MA,medium,10511
AIA,Alliance Municipal Airport,Alliance,US,medium,9203
AIN,Wainwright Airport,Wainwright,US,medium,4494
AJA,Ajaccio Napoléon Bonaparte airport,Ajaccio,FR,medium,7897
AJF,Al-Jawf International Airport,Al-Jawf,SA,large,12011
AJI,Ağrı Airport,Ağrı,TR,medium,9843
AJL,Lengpui Airport,Aizawl (Lengpui),IN,medium,8202
AJN,Ouani Airport,Ouani,KM,medium,4429
AJR,Arvidsjaur Airport,Arvidsjaur,SE,medium,8201
AJU,Aracaju - Santa Maria Airport,Aracaju,BR,medium,7218
AKF,Kufra Airport,Kufra,LY,medium,12007
AKJ,Asahikawa Airport,Higashikagura,JP,medium,8200
AKL,Auckland International Airport,Auckland,NZ,large,11926
AKN,King Salmon Airport,King Salmon,US,medium,8901
AKP,Anaktuvuk Pass Airport,Anaktuvuk Pass,US,medium,4800
AKR,Akure Airport,Akure,NG,medium,9195
AKU,Aksu Hongqipo Airport,Aksu (Onsu),CN,medium,7874
AKX,Aktobe International Airport,Aktobe,KZ,large,10505
AKY,Sittwe Airport,Sittwe,MM,medium,6001
ALA,Almaty International Airport,Almaty,KZ,large,14764
ALB,Albany International Airport,Albany,US,large,8500
ALC,Alicante-Elche Miguel Hernández Airport,Alicante,ES,large,9842
ALF,Alta Airport,Alta,NO,medium,7165
ALG,Houari Boumediene Airport,Algiers,DZ,large,11483
ALH,Albany Airport,Albany,AU,medium,5906
ALO,Waterloo Regional Airport,Waterloo,US,medium,8399
ALP,Aleppo International Airport,Aleppo,SY,large,9547
ALS,San Luis Valley Regional Airport/Bergman Field,Alamosa,US,medium,8521
ALW,Walla Walla Regional Airport,Walla Walla,US,medium,6527
AMA,Rick Husband Amarillo International Airport,Amarillo,US,medium,13502
AMD,Sardar Vallabh Patel International Airport,Ahmedabad,IN,large,11499
AMH,Arba Minch Airport,Arba Minch,ET,medium,9170
AMM,Queen Alia International Airport,Amman,JO,large,12008
AMQ,Pattimura International Airport,Ambon,ID,large,8202
AMS,Amsterdam Airport Schiphol,Amsterdam,NL,large,12467
AMV,Amderma Airport,Amderma,RU,medium,0
ANC,Ted Stevens Anchorage International Airport,Anchorage,US,large,12400
ANF,Andrés Sabella Gálvez International Airport,Antofagasta,CL,large,9186
ANI,Aniak Airport,Aniak,US,medium,6200
ANR,Antwerp International Airport (Deurne),Antwerp,BE,medium,4954
ANU,V. C. Bird International Airport,Osbourn,AG,large,9003
ANV,Anvik Airport,Anvik,US,medium,4000
ANX,"Andøya Airport, Andenes",Andenes,NO,medium,8097
AOE,Hasan Polatkan Airport,Eskişehir,TR,large,8261
AOG,Anshan Teng'ao Airport / Anshan Air Base,Anshan,CN,medium,8530
AOI,Marche Airport,Falconara Marittima (AN),IT,medium,9718
AOJ,Aomori Airport,Aomori,JP,large,9846
AOK,Karpathos Airport,Karpathos Island,GR,medium,7871
AOO,Altoona Blair County Airport,Altoona,US,medium,5465
AOR,Sultan Abdul Halim Airport,Alor Satar,MY,medium,9005
APL,Nampula Airport,Nampula,MZ,large,6562
APN,Alpena County Regional Airport,Alpena,US,medium,9001
APO,Antonio Roldán Betancur Airport,Carepa,CO,medium,7153
APW,Faleolo International Airport,Apia,WS,large,9843
AQA,Araraquara Airport,Araraquara,BR,medium,5907
AQG,Anqing Tianzhushan Airport / Anqing North Air Base,Anqing,CN,medium,9186
AQI,Qaisumah–Hafar Al-Batin International Airport,Qaisumah,SA,large,10007
AQJ,King Hussein International Airport,Aqaba,JO,large,9855
AQP,Rodríguez Ballón International Airport,Arequipa,PE,large,9777
ARC,Arctic Village Airport,Arctic Village,US,medium,4500
ARH,Talagi Airport,Archangelsk,RU,medium,8202
ARI,Chacalluta International Airport,Arica,CL,medium,9186
ARK,Arusha Airport,Arusha,TZ,medium,5377
ARM,Armidale Airport,Armidale,AU,medium,5702
ARN,Stockholm-Arlanda Airport,Stockholm,SE,large,10830
ART,Watertown International Airport,Watertown,US,medium,7001
ARU,Araçatuba Airport,Araçatuba,BR,medium,6955
ARW,Arad International Airport,Arad,RO,medium,6562
ASB,Ashgabat International Airport,Ashgabat,TM,large,12467
ASD,Andros Town Airport,Andros Town,BS,medium,4058
ASE,Aspen-Pitkin County Airport (Sardy Field),Aspen,US,medium,8006
ASF,Astrakhan Narimanovo Boris M. Kustodiev International Airport,Astrakhan,RU,large,10499
ASI,RAF Ascension Island,Cat Hill,SH,medium,10019
ASJ,Amami Airport,Amami,JP,medium,6560
ASM,Asmara International Airport,Asmara,ER,medium,9842
ASO,Asosa Airport,Asosa,ET,medium,8218
ASP,Alice Springs Airport,Alice Springs,AU,medium,7999
ASR,Kayseri Erkilet International Airport,Kayseri,TR,large,9841
ASU,Silvio Pettirossi International Airport,Asunción,PY,large,10997
ASV,Amboseli Airport,Ol Tukai,KE,medium,3284
ASW,Aswan International Airport,Aswan,EG,large,11161
ATC,Arthur's Town Airport,Arthur's Town,BS,medium,7015
ATH,Athens Eleftherios Venizelos International Airport,Spata-Artemida,GR,large,13123
ATK,Atqasuk Edward Burnell Sr Memorial Airport,Atqasuk,US,medium,4370
ATL,Hartsfield Jackson Atlanta International Airport,Atlanta,US,large,12390
ATM,Altamira Interstate Airport,Altamira,BR,medium,6572
ATQ,Sri Guru Ram Das Ji International Airport,Amritsar,IN,large,12000
ATW,Appleton International Airport,Appleton,US,medium,8003
ATY,Watertown Regional Airport,Watertown,US,medium,6898
ATZ,Asyut International Airport,Asyut,EG,large,9905
AUA,Queen Beatrix International Airport,Oranjestad,AW,large,9000
AUC,Santiago Perez Airport,Arauca,CO,medium,6890
AUG,Augusta State Airport,Augusta,US,medium,5002
AUH,Zayed International Airport,Abu Dhabi,AE,large,13471
AUQ,Hiva Oa-Atuona Airport,Hiva Oa Island,PF,medium,3986
AUR,Aurillac airport,Aurillac,FR,medium,5577
AUS,Austin Bergstrom International Airport,Austin,US,large,12250
AUX,Araguaína Airport,Araguaína,BR,medium,5919
AVA,Anshun Huangguoshu Airport,Anshun (Xixiu),CN,medium,9186
AVK,Arvaikheer Airport,Arvaikheer,MN,medium,7546
AVL,Asheville Regional Airport,Asheville,US,medium,8002
AVN,Avignon Caumont airport,Avignon,FR,medium,6168
AVP,Wilkes-Barre/Scranton International Airport,Wilkes-Barre/Scranton,US,medium,7502
AVR,Amravati  Airport,Amravati,IN,medium,6070
AVV,Melbourne Avalon International Airport,Geelong/Melbourne,AU,large,10000
AWA,Hawassa International Airport,Hawassa,ET,large,9843
AWK,Wake Island Airfield,Wake Island,UM,medium,9843
AWZ,Qasem Soleimani International Airport,Ahvaz,IR,large,11149
AXA,Clayton J. Lloyd International Airport,The Valley,AI,medium,5462
AXD,Alexandroupoli Democritus Airport,Alexandroupolis,GR,medium,8471
AXF,Alxa Left Banner Bayanhot Airport,Bayanhot,CN,medium,7874
AXJ,Amakusa Airport,Amakusa,JP,medium,3281
AXM,El Eden Airport,Armenia,CO,medium,7045
AXP,Spring Point Airport,Spring Point,BS,medium,5000
AXR,Arutua Airport,,PF,medium,4268
AXT,Akita Airport,Akita,JP,medium,8200
AXU,Axum Airport,Axum,ET,medium,7874
AYJ,Maharshi Valmiki International Airport,Faizabad,IN,medium,7381
AYP,Air Force Colonel Alfredo Mendivil Duarte Airport,Ayacucho,PE,medium,9186
AYQ,Ayers Rock Connellan Airport,Yulara,AU,medium,8527
AYT,Antalya International Airport,Antalya,TR,large,11155
AZA,Mesa Gateway Airport,Mesa,US,medium,10401
AZD,Shahid Sadooghi Airport,Yazd,IR,medium,13446
AZN,Andijan International Airport,Andijan,UZ,medium,9770
AZO,Kalamazoo/Battle Creek International Airport,Kalamazoo,US,medium,6502
AZR,Touat-Cheikh Sidi Mohamed Belkebir Airport,Adrar,DZ,medium,9843
AZS,Samaná El Catey International Airport,Samana,DO,medium,9843
BAH,Bahrain International Airport,Manama,BH,large,12979
BAL,Batman Airport,Batman,TR,medium,10000
BAQ,Ernesto Cortissoz International Airport,Barranquilla,CO,large,9842
BAR,Qionghai Bo'ao Airport,Qionghai (Basuo),CN,medium,10499
BAV,Baotou Donghe International Airport,Baotou,CN,large,9186
BAX,Barnaul Gherman Titov International Airport,Barnaul,RU,large,9350
BAY,Maramureș International Airport,Tăuții-Măgherăuș,RO,medium,7054
BBA,Balmaceda Airport,Balmaceda,CL,medium,8205
BBI,Biju Patnaik International Airport,Bhubaneswar,IN,large,9003
BBK,Kasane International Airport,Kasane,BW,large,6562
BBM,Battambang Airport,Battambang,KH,medium,5250
BBN,Bario Airport,Bario,MY,medium,2198
BBO,Berbera Airport,Berbera,SO,medium,13582
BBQ,Burton-Nibbs International Airport,Codrington,AG,medium,6100
BBU,Bucharest Băneasa Aurel Vlaicu International Airport,Bucharest,RO,large,10499
BCA,Gustavo Rizo Airport,Baracoa,CU,medium,6070
BCD,Bacolod-Silay International Airport,Bacolod City,PH,large,6562
BCH,Baucau Airport,Baucau,TL,medium,8233
BCI,Barcaldine Airport,Barcaldine,AU,medium,5591
BCM,Bacău George Enescu International  Airport,Bacău,RO,large,8203
BCN,Josep Tarradellas Barcelona-El Prat Airport,Barcelona,ES,large,11000
BCO,Jinka Airport,Jinka,ET,medium,8612
BCU,Sir Abubakar Tafawa Balewa Bauchi State International Airport,Bauchi,NG,large,11154
BDA,L.F. Wade International Airport,Hamilton,BM,large,9705
BDB,Bundaberg Airport,Bundaberg,AU,medium,6562
BDH,Bandar Lengeh International Airport,Bandar Lengeh,IR,medium,8203
BDJ,Syamsudin Noor International Airport,Banjarbaru,ID,large,8202
BDL,Bradley International Airport,Hartford,US,large,9510
BDO,Husein Sastranegara International Airport,Bandung,ID,medium,7381
BDQ,Vadodara International Airport,Vadodara,IN,large,8100
BDS,Brindisi Airport,Brindisi,IT,large,10000
BDT,Gbadolite Airport,Gbadolite,CD,medium,10499
BDU,Bardufoss Airport,Målselv,NO,medium,8015
BEB,Benbecula Airport,Balivanich,GB,medium,6027
BED,Laurence G Hanscom Field,Bedford,US,medium,7011
BEF,Bluefields Airport,Bluefields,NI,medium,6625
BEG,Belgrade Nikola Tesla Airport,Belgrade,RS,large,11483
BEJ,Kalimarau Airport,Tanjung Redeb - Borneo Island,ID,medium,4625
BEK,Bareilly Air Force Station,Bareilly,IN,medium,9000
BEL,Val de Cans/Júlio Cezar Ribeiro International Airport,Belém,BR,large,9186
BEM,Beni Mellal Airport,Oulad Yaich,MA,large,8169
BEN,Benina International Airport,Benina,LY,large,11732
BER,Berlin Brandenburg Airport,Berlin,DE,large,13123
BES,Brest Bretagne airport,Brest,FR,large,10171
BET,Bethel Airport,Bethel,US,medium,6400
BEU,Bedourie Airport,Bedourie,AU,medium,4921
BEW,Beira International Airport,Beira,MZ,large,7874
BEY,Beirut Rafic Hariri International Airport,Beirut,LB,large,12467
BFD,Bradford Regional Airport,Bradford,US,medium,6307
BFF,Western Neb. Rgnl/William B. Heilig Airport,Scottsbluff,US,medium,8279
BFI,King County International Airport - Boeing Field,Seattle,US,medium,10007
BFJ,Bijie Feixiong Airport,Bijie,CN,medium,8530
BFL,Meadows Field,Bakersfield,US,medium,10849
BFN,Bram Fischer International Airport,Bloemfontein,ZA,large,8396
BFS,Belfast International Airport,Belfast,GB,large,9121
BFV,Buri Ram Airport,Buriram,TH,medium,6890
BFY,Bengbu Tenghu Airport,Bengbu,CN,medium,8530
BGA,Palonegro Airport,Bucaramanga,CO,medium,7381
BGC,Bragança Airport,Bragança,PT,medium,5600
BGF,Bangui M'Poko International Airport,Bangui,CF,large,8530
BGG,Bingöl Airport,Bingöl,TR,medium,7546
BGI,Grantley Adams International Airport,Bridgetown,BB,large,11000
BGM,Greater Binghamton/Edwin A Link field,Binghamton,US,medium,7305
BGO,"Bergen Airport, Flesland",Bergen,NO,large,9810
BGR,Bangor International Airport,Bangor,US,medium,11440
BGW,Baghdad International Airport / New Al Muthana Air Base,Baghdad,IQ,large,13124
BGY,Il Caravaggio International Airport,Orio al Serio (BG),IT,large,9429
BHB,Hancock County-Bar Harbor Airport,Bar Harbor,US,medium,5200
BHD,George Best Belfast City Airport,Belfast,GB,medium,6001
BHE,Woodbourne Airport,Blenheim,NZ,medium,4675
BHH,Bisha Airport,Bisha,SA,medium,10007
BHI,Comandante Espora Airport,Bahía Blanca,AR,medium,7907
BHJ,Bhuj Airport,Bhuj,IN,medium,8205
BHK,Bukhara International Airport,Bukhara,UZ,large,9843
BHM,Birmingham-Shuttlesworth International Airport,Birmingham,US,large,12007
BHO,Raja Bhoj International Airport,Bhopal,IN,large,9022
BHQ,Broken Hill Airport,Broken Hill,AU,medium,8251
BHS,Bathurst Airport,Bathurst,AU,medium,5594
BHU,Bhavnagar Airport,Bhavnagar,IN,medium,6300
BHV,Bahawalpur Airport,Bahawalpur,PK,medium,9345
BHX,Birmingham Airport,"Birmingham, West Midlands",GB,large,10013
BHY,Beihai Fucheng Airport,Beihai,CN,medium,10499
BIA,Bastia-Poretta International airport,Bastia,FR,large,8266
BIH,Eastern Sierra Regional Airport,Bishop,US,medium,7498
BIK,Frans Kaisiepo Airport,Biak,ID,medium,11715
BIL,Billings Logan International Airport,Billings,US,medium,10518
BIM,South Bimini Airport,South Bimini,BS,medium,5409
BIO,Bilbao Airport,Bilbao,ES,large,8530
BIQ,Biarritz Pays Basque airport,Biarritz,FR,medium,7382
BIR,Biratnagar Airport,Biratnagar,NP,medium,4937
BIS,Bismarck Municipal Airport,Bismarck,US,medium,8794
BJA,Soummam–Abane Ramdane Airport,Béjaïa,DZ,large,7874
BJB,Bojnord Airport,Bojnord,IR,medium,10582
BJC,Rocky Mountain Metropolitan Airport,Denver,US,medium,9000
BJF,Båtsfjord Airport,Båtsfjord,NO,medium,3281
BJL,Banjul International Airport,Banjul (Yundum),GM,large,11811
BJM,Bujumbura Melchior Ndadaye International Airport,Bujumbura,BI,large,11811
BJR,Bahir Dar Airport,Bahir Dar,ET,medium,9842
BJV,Milas Bodrum International Airport,Bodrum,TR,large,9843
BJX,Guanajuato International Airport,Silao,MX,large,11483
BJZ,Badajoz Airport,Badajoz,ES,medium,9350
BKG,Branson Airport,Branson,US,medium,7140
BKI,Kota Kinabalu International Airport,Kota Kinabalu,MY,large,12402
BKK,Suvarnabhumi Airport,Bangkok,TH,large,13123
BKN,Balkanabat International Airport,Balkanabat,TM,medium,10499
BKO,Modibo Keita International Airport,Bamako,ML,large,10498
BKQ,Blackall Airport,Blackall,AU,medium,5538
BKS,Fatmawati Soekarno Airport,Bengkulu,ID,medium,7345
BKW,Raleigh County Memorial Airport,Beaver,US,medium,6750
BLA,General José Antonio Anzoategui International Airport,Barcelona,VE,large,9842
BLD,Boulder City Municipal Airport,Boulder City,US,medium,5103
BLE,Dala Airport,Borlange,SE,medium,7579
BLI,Bellingham International Airport,Bellingham,US,medium,6700
BLJ,Batna Mostefa Ben Boulaid Airport,Batna,DZ,large,9843
BLL,Billund Airport,Billund,DK,large,10172
BLQ,Bologna Guglielmo Marconi Airport,Bologna,IT,large,9196
BLR,Kempegowda International Airport Bengaluru,Bengaluru,IN,large,13123
BLV,Scott AFB/Midamerica Airport,Belleville,US,medium,10000
BLZ,Chileka International Airport,Blantyre,MW,large,7628
BMA,Stockholm-Bromma Airport,Stockholm,SE,medium,5472
BME,Broome International Airport,Broome,AU,large,7769
BMI,Central Illinois Regional Airport at Bloomington-Normal,Bloomington/Normal,US,medium,8000
BMU,Sultan Muhammad Salahuddin Airport,Bima,ID,medium,5405
BMV,Buon Ma Thuot Airport,Buon Ma Thuot,VN,medium,9843
BMW,Bordj Badji Mokhtar Airport,Bordj Badji Mokhtar,DZ,medium,9843
BNA,Nashville International Airport,Nashville,US,large,11030
BND,Bandar Abbas International Airport,Bandar Abbas,IR,large,12008
BNE,Brisbane International Airport,Brisbane,AU,large,11680
BNI,Benin Airport,Benin,NG,medium,7870
BNK,Ballina Byron Gateway Airport,Ballina,AU,medium,6234
BNN,"Brønnøysund Airport, Brønnøy",Brønnøy,NO,medium,3937
BNS,Barinas Airport,Barinas,VE,medium,6560
BNX,Banja Luka International Airport,Mahovljani,BA,large,8202
BOB,Bora Bora Airport,Motu Mute,PF,medium,4921
BOC,"Bocas del Toro ""Isla Colón"" International Airport",Isla Colón,PA,medium,4921
BOD,Bordeaux–Mérignac Airport,Bordeaux,FR,large,10171
BOG,El Dorado International Airport,Bogota,CO,large,12467
BOH,Bournemouth Airport,Bournemouth,GB,medium,7454
BOI,Boise Air Terminal/Gowen Field,Boise,US,large,10000
BOJ,Burgas Airport,Burgas,BG,large,10499
BOM,Chhatrapati Shivaji Maharaj International Airport,Mumbai,IN,large,11511
BON,Flamingo International Airport,Kralendijk,BQ,large,9449
BOO,Bodø Airport,Bodø,NO,large,9167
BOR,Bokeo International Airport,Ton Phueng,LA,medium,8858
BOS,Boston Logan International Airport,Boston,US,large,10083
BOY,Bobo Dioulasso Airport,Bobo Dioulasso,BF,large,10826
BPE,Qinhuangdao Beidaihe Airport,Qinhuangdao (Changli),CN,medium,8530
BPL,Bole Alashankou Airport,Bole,CN,medium,8530
BPN,Sultan Aji Muhammad Sulaiman Sepinggan International Airport,Balikpapan,ID,large,8202
BPS,Porto Seguro International Airport,Porto Seguro,BR,large,6562
BPT,Jack Brooks Regional Airport,Beaumont/Port Arthur,US,medium,6751
BPX,Qamdo Bangda Airport,Bangda,CN,medium,14764
BPY,Besalampy Airport,Besalampy,MG,medium,4046
BQK,Brunswick Golden Isles Airport,Brunswick,US,medium,8001
BQL,Boulia Airport,,AU,medium,4180
BQN,Rafael Hernández International Airport,Aguadilla,PR,medium,11702
BQS,Ignatyevo Airport,Blagoveschensk,RU,medium,9256
BQT,Brest International Airport,Brest,BY,large,8596
BQU,J F Mitchell Airport,Bequia,VC,medium,3609
BRC,Teniente Luis Candelaria International Airport,San Carlos de Bariloche,AR,large,7703
BRD,Brainerd Lakes Regional Airport,Brainerd,US,medium,7100
BRE,Bremen Airport,Bremen,DE,large,8642
BRI,Bari Karol Wojtyła International Airport,Bari,IT,large,9843
BRK,Bourke Airport,,AU,medium,6004
BRL,Southeast Iowa Regional Airport,Burlington,US,medium,6102
BRM,Jacinto Lara International Airport,Barquisimeto,VE,large,9350
BRN,Bern Airport,Bern,CH,medium,5676
BRO,Brownsville South Padre Island International Airport,Brownsville,US,medium,7399
BRQ,Brno-Tuřany Airport,Brno,CZ,medium,8694
BRR,Barra Airport,Eoligarry,GB,medium,2776
BRS,Bristol Airport,Bristol,GB,large,6598
BRU,Brussels Airport,Zaventem,BE,large,11936
BRW,Wiley Post Will Rogers Memorial Airport,Utqiaġvik,US,medium,7100
BRX,Maria Montez International Airport,Barahona,DO,medium,9843
BSA,Bender Qassim International Airport,Bosaso,SO,large,7874
BSB,Presidente Juscelino Kubitschek International Airport,Brasília,BR,large,10827
BSC,José Celestino Mutis Airport,Bahía Solano,CO,medium,3973
BSD,Baoshan Yunrui Airport,Baoshan (Longyang),CN,medium,7874
BSG,Bata International Airport,Bata,GQ,large,10860
BSK,Biskra - Mohamed Khider Airport,Biskra,DZ,large,9469
BSL,EuroAirport Basel–Mulhouse–Freiburg,Bâle / Mulhouse,FR,large,12795
BSO,Basco Airport,Basco,PH,medium,4101
BSR,Basra International Airport,Basra,IQ,large,13124
BSZ,Manas International Airport,Bishkek,KG,large,13780
BTC,Batticaloa International Airport,Batticaloa,LK,medium,5118
BTH,Hang Nadim International Airport,Batam,ID,large,13218
BTI,Barter Island Long Range Radar Station Airport,Barter Island,US,medium,4500
BTJ,Sultan Iskandar Muda International Airport,Banda Aceh,ID,large,9843
BTK,Bratsk Airport,Bratsk,RU,medium,10368
BTM,Bert Mooney Airport,Butte,US,medium,9000
BTR,Baton Rouge Metropolitan Airport,Baton Rouge,US,medium,7500
BTS,M. R. Štefánik Airport,Bratislava,SK,large,10466
BTU,Bintulu Airport,Bintulu,MY,medium,9006
BTV,Patrick Leahy Burlington International Airport,Burlington,US,medium,8319
BUA,Buka Airport,Buka Island,PG,medium,5125
BUD,Budapest Liszt Ferenc International Airport,Budapest,HU,large,12162
BUF,Buffalo Niagara International Airport,Buffalo,US,large,8829
BUN,Gerardo Tobar López Airport,Buenaventura,CO,medium,3945
BUQ,Joshua Mqabuko Nkomo International Airport,Bulawayo,ZW,large,8491
BUR,Hollywood Burbank/Bob Hope Airport,Burbank,US,large,6886
BUS,Alexander Kartveli Batumi International Airport,Batumi,GE,large,8202
BUX,Bunia Airport,Bunia,CD,medium,8202
BUZ,Bushehr Airport,Bushehr,IR,medium,14664
BVA,Beauvais-Tillé airport,Beauvais,FR,large,7972
BVB,Atlas Brasil Cantanhede International Airport,Boa Vista,BR,large,8858
BVC,Aristides Pereira International Airport,Rabil,CV,large,6890
BVE,Brive Souillac airport,Brive,FR,medium,6890
BVG,Berlevåg Airport,Berlevåg,NO,medium,3372
BVH,Brigadeiro Camarão Airport,Vilhena,BR,medium,8530
BVI,Birdsville Airport,,AU,medium,5682
BVJ,Bovanenkovo Airport,Bovanenkovo,RU,medium,8698
BWA,Gautam Buddha International Airport,Siddharthanagar (Bhairahawa),NP,large,9843
BWI,Baltimore/Washington International Thurgood Marshall Airport,Baltimore,US,large,10503
BWK,Brač Airport,Gornji Humac,HR,medium,5774
BWN,Brunei International Airport,Bandar Seri Begawan,BN,large,12000
BWO,Balakovo Airport,Balakovo,RU,medium,7710
BWT,Wynyard Airport,Burnie,AU,medium,5413
BXH,Balkhash Airport,Balkhash,KZ,medium,8208
BXR,Bam Airport,Bam,IR,medium,11107
BXU,Bancasi Airport,Butuan,PH,medium,6877
BXY,Baikonur Krayniy International Airport,Baikonur,KZ,large,10500
BYK,Bouaké Airport,Bouaké,CI,medium,10827
BYM,Carlos Manuel de Cespedes Airport,Bayamo,CU,medium,6887
BYN,Bayankhongor Airport,Bayankhongor,MN,medium,9186
BZE,Philip S. W. Goldson International Airport,Belize City,BZ,large,9678
BZG,Ignacy Jan Paderewski Bydgoszcz Airport,Bydgoszcz,PL,medium,8202
BZI,Balıkesir Airport,Balıkesir,TR,medium,9810
BZL,Barisal Airport,Barisal,BD,medium,5995
BZN,Bozeman Yellowstone International Airport,Bozeman,US,medium,8994
BZO,Bolzano Airport,Bolzano (BZ),IT,medium,5708
BZR,Béziers Vias airport,Béziers,FR,medium,5971
BZV,Maya-Maya International Airport,Brazzaville,CG,large,10827
BZX,Bazhong Enyang Airport,Bazhong,CN,medium,8530
CAB,Cabinda Airport,Cabinda,AO,medium,8202
CAC,Coronel Adalberto Mendes da Silva Airport,Cascavel,BR,medium,5810
CAE,Columbia Metropolitan Airport,Columbia,US,medium,8601
CAG,Cagliari Elmas Airport,Cagliari,IT,large,9196
CAH,Cà Mau Airport,Ca Mau City,VN,medium,4921
CAI,Cairo International Airport,Cairo,EG,large,13124
CAJ,Canaima Airport,Canaima,VE,medium,7070
CAK,Akron Canton Regional Airport,Akron,US,medium,8204
CAL,Campbeltown Airport,Campbeltown,GB,medium,4633
CAN,Guangzhou Baiyun International Airport,Guangzhou (Huadu),CN,large,12467
CAP,Cap Haitien International Airport,Cap Haitien,HT,large,8701
CAT,Cascais Airport,Cascais,PT,medium,4593
CAW,Bartolomeu Lisandro Airport,Campos dos Goytacazes,BR,medium,5066
CAY,Cayenne – Félix Eboué Airport,Matoury,GF,large,10486
CAZ,Cobar Airport,,AU,medium,5564
CBB,Jorge Wilsterman International Airport,Cochabamba,BO,large,12460
CBH,Béchar Boudghene Ben Ali Lotfi Airport,Béchar,DZ,medium,12245
CBO,Cotabato (Awang) Airport,Datu Odin Sinsuat,PH,medium,6234
CBQ,Margaret Ekpo International Airport,Calabar,NG,medium,8040
CBR,Canberra Airport,Canberra,AU,medium,10771
CBT,Catumbela Airport,Catumbela,AO,medium,12139
CCC,Jardines Del Rey Airport,Cayo Coco,CU,medium,9842
CCE,Capital International Airport,New Cairo,EG,medium,11980
CCF,Carcassonne Salvaza Airport,Carcassonne,FR,medium,6726
CCJ,Calicut International Airport,Calicut,IN,large,9383
CCK,Cocos (Keeling) Islands Airport,West Island,CC,large,7999
CCP,Carriel Sur International Airport,Concepcion,CL,large,8530
CCR,Buchanan Field,Concord,US,medium,5001
CCS,Maiquetía Simón Bolívar International Airport,Maiquetía,VE,large,11483
CCU,Netaji Subhash Chandra Bose International Airport,Kolkata,IN,large,11919
CCZ,Chub Cay Airport,Chub Cay,BS,medium,5000
CDB,Cold Bay Airport,Cold Bay,US,medium,10179
CDC,Cedar City Regional Airport,Cedar City,US,medium,8653
CDE,Chengde Puning Airport,Chengde,CN,medium,9186
CDG,Charles de Gaulle International Airport,"Paris (Roissy-en-France, Val-d'Oise)",FR,large,13829
CDP,Kadapa Airport,Kadapa,IN,medium,6562
CDR,Chadron Municipal Airport,Chadron,US,medium,5998
CDT,Castellón-Costa Azahar Airport,Castellón de la Plana,ES,medium,8858
CDV,Merle K (Mudhole) Smith Airport,Cordova,US,medium,7500
CEB,Mactan Cebu International Airport,Cebu City/Lapu-Lapu City,PH,large,10860
CEC,Jack Mc Namara Field Airport,Crescent City,US,medium,5002
CED,Ceduna Airport,,AU,medium,5709
CEE,Cherepovets Airport,Cherepovets,RU,medium,8202
CEI,Mae Fah Luang - Chiang Rai International Airport,Chiang Rai,TH,large,9843
CEK,Kurchatov Chelyabinsk International Airport,Chelyabinsk,RU,large,10499
CEN,Ciudad Obregón International Airport,Ciudad Obregón,MX,medium,7546
CEZ,Cortez Municipal Airport,Cortez,US,medium,7205
CFE,Clermont-Ferrand Auvergne airport,Clermont-Ferrand,FR,large,9885
CFG,Jaime Gonzalez Airport,Cienfuegos,CU,medium,7874
CFK,Chlef Aboubakr Belkaid International Airport,Chlef,DZ,large,8793
CFN,Donegal Airport,Donegal,IE,medium,4908
CFR,Caen Carpiquet airport,Caen,FR,medium,6233
CFS,Coffs Harbour Airport,Coffs Harbour,AU,medium,6824
CFU,Corfu Ioannis Kapodistrias International Airport,Kerkyra (Corfu),GR,large,7792
CGB,Várzea Grande–Marechal Rondon International Airport,Cuiabá,BR,large,7546
CGD,Changde Taohuayuan Airport,Changde (Dingcheng),CN,medium,8366
CGH,Congonhas–Deputado Freitas Nobre Airport,São Paulo,BR,large,6365
CGI,Cape Girardeau Regional Airport,Cape Girardeau,US,medium,6500
CGK,Soekarno-Hatta International Airport,Jakarta,ID,large,12008
CGM,Camiguin Airport,Mambajao,PH,medium,3945
CGN,Cologne Bonn Airport,Köln (Cologne),DE,large,12516
CGO,Zhengzhou Xinzheng International Airport,Zhengzhou,CN,large,11811
CGP,Shah Amanat International Airport,Chattogram (Chittagong),BD,large,9646
CGQ,Changchun Longjia International Airport,Changchun,CN,large,10500
CGR,Campo Grande Airport,Campo Grande,BR,medium,8530
CGY,Laguindingan International Airport,Laguindingan,PH,large,6890
CHA,Chattanooga Metropolitan Airport (Lovell Field),Chattanooga,US,medium,7400
CHC,Christchurch International Airport,Christchurch,NZ,large,10787
CHG,Chaoyang Airport,"Shuangta, Chaoyang",CN,medium,6562
CHH,Chachapoyas Airport,Chachapoyas,PE,medium,6496
CHM,FAP Lieutenant Jaime Andres de Montreuil Morales Airport,Chimbote,PE,medium,5905
CHO,Charlottesville Albemarle Airport,Charlottesville,US,medium,6801
CHQ,Chania International Airport,Souda,GR,large,10982
CHS,Charleston International Airport,Charleston,US,large,9001
CHT,Inia William Tuuta Memorial Airport,Te One,NZ,medium,4462
CHX,Changuinola Captain Manuel Niño International Airport,Changuinola,PA,medium,3609
CIA,Ciampino–G. B. Pastine International Airport,Rome,IT,large,7226
CID,The Eastern Iowa Airport,Cedar Rapids,US,medium,8600
CIF,Chifeng Yulong Airport,Chifeng,CN,medium,5774
CIJ,Capitán Aníbal Arab Airport,Cobija,BO,medium,6562
CIT,Shymkent International Airport,Shymkent,KZ,large,9186
CIU,Chippewa County International Airport,Kincheloe,US,medium,7203
CIW,Canouan Airport,Canouan,VC,medium,5900
CIX,Capitán FAP José A. Quiñones González International Airport,Chiclayo,PE,large,8266
CIY,Comiso Airport,Comiso,IT,medium,8070
CJA,Mayor General FAP Armando Revoredo Iglesias Airport,Cajamarca,PE,medium,8201
CJB,Coimbatore International Airport,Coimbatore,IN,large,8480
CJC,El Loa Airport,Calama,CL,medium,9974
CJJ,Cheongju International Airport/Cheongju Air Base (K-59/G-513),Cheongju,KR,large,9000
CJL,Chitral Airport,Chitral,PK,medium,5741
CJM,Chumphon Airport,Chumphon,TH,medium,6890
CJS,Abraham González International Airport,Ciudad Juárez,MX,large,8858
CJU,Jeju International Airport,Jeju City,KR,large,10433
CKB,North Central West Virginia Airport,Bridgeport,US,medium,7800
CKG,Chongqing Jiangbei International Airport,Chongqing,CN,large,12467
CKH,Chokurdakh Airport,Chokurdah,RU,medium,6233
CKS,Carajás Airport,Parauapebas,BR,medium,6562
CKY,Ahmed Sékou Touré International Airport,Conakry,GN,large,10826
CKZ,Çanakkale Airport,Çanakkale,TR,medium,7710
CLD,McClellan-Palomar Airport,Carlsbad,US,medium,4897
CLE,Cleveland Hopkins International Airport,Cleveland,US,large,9953
CLJ,Avram Iancu Cluj International Airport,Cluj-Napoca,RO,large,6693
CLL,Easterwood Field,College Station,US,medium,7000
CLO,Alfonso Bonilla Aragon International Airport,Cali,CO,large,9842
CLQ,Licenciado Miguel de la Madrid International Airport,Colima,MX,medium,7546
CLT,Charlotte Douglas International Airport,Charlotte,US,large,10000
CLY,Calvi Sainte Catherine Airport,Calvi,FR,medium,7579
CMA,Cunnamulla Airport,,AU,medium,5686
CMB,Bandaranaike International Colombo Airport,Colombo,LK,large,10991
CME,Ciudad del Carmen International Airport,Ciudad del Carmen,MX,medium,7218
CMF,Chambéry Aix les Bains airport,Chambéry,FR,medium,6628
CMG,Corumbá International Airport,Corumbá,BR,medium,4921
CMH,John Glenn Columbus International Airport,Columbus,US,large,10114
CMI,University of Illinois Willard Airport,Savoy,US,medium,8101
CMN,Mohammed V International Airport,Casablanca,MA,large,12205
CMU,Chimbu Airport,Kundiawa,PG,medium,3330
CMW,Ignacio Agramonte International Airport,Camaguey,CU,large,9842
CMX,Houghton County Memorial Airport,Hancock,US,medium,6501
CNB,Coonamble Airport,,AU,medium,5010
CND,Mihail Kogălniceanu International Airport,Constanța,RO,large,11483
CNF,Tancredo Neves International Airport,Belo Horizonte,BR,large,11811
CNJ,Cloncurry Airport,Cloncurry,AU,medium,6562
CNM,Cavern City Air Terminal,Carlsbad,US,medium,7854
CNN,Kannur International Airport,Kannur,IN,large,10007
CNP,Neerlerit Inaat Airport,Neerlerit Inaat,GL,medium,3281
CNQ,Corrientes Airport,Corrientes,AR,medium,6890
CNS,Cairns International Airport,Cairns,AU,large,10489
CNX,Chiang Mai International Airport,Chiang Mai,TH,large,11155
CNY,Canyonlands Regional Airport,Moab,US,medium,7360
COD,Yellowstone Regional Airport,Cody,US,medium,8268
COK,Cochin International Airport,Kochi,IN,large,11155
COO,Cotonou Cadjehoun International Airport,Cotonou,BJ,large,7906
COQ,Choibalsan Airport,,MN,medium,8530
COR,Ingeniero Aeronáutico Ambrosio L.V. Taravella International Airport,Cordoba,AR,large,10499
COS,City of Colorado Springs Municipal Airport,Colorado Springs,US,large,13500
COU,Columbia Regional Airport,Columbia,US,medium,7401
COV,Çukurova International Airport,Tarsus,TR,large,11482
CPC,Aviador C. Campos Airport,Chapelco/San Martin de los Andes,AR,medium,8205
CPD,Coober Pedy Airport,Coober Pedy,AU,medium,4685
CPE,Ingeniero Alberto Acuña Ongay International Airport,Campeche,MX,medium,8202
CPH,Copenhagen Kastrup Airport,Copenhagen,DK,large,11811
CPO,Desierto de Atacama Airport,Copiapo,CL,medium,7218
CPR,Casper-Natrona County International Airport,Casper,US,medium,10165
CPT,Cape Town International Airport,Cape Town,ZA,large,10502
CPV,Presidente João Suassuna Airport,Campina Grande,BR,medium,5135
CPX,Benjamin Rivera Noriega Airport,Culebra,PR,medium,2600
CQW,Chongqing Xiannüshan Airport,Wulong,CN,medium,9186
CRA,Craiova International Airport,Craiova,RO,large,8203
CRD,General Enrique Mosconi International Airport,Comodoro Rivadavia,AR,large,9219
CRI,Colonel Hill Airport,Colonel Hill,BS,medium,4061
CRK,Clark International Airport / Clark Air Base,Mabalacat,PH,large,10499
CRL,Brussels South Charleroi Airport,Charleroi,BE,large,10023
CRM,Catarman National Airport,Catarman,PH,medium,4429
CRP,Corpus Christi International Airport,Corpus Christi,US,medium,7510
CRV,Crotone Sant'Anna Pythagoras Airport,Isola di Capo Rizzuto (KR),IT,medium,6562
CRW,Yeager Airport,Charleston,US,medium,6715
CRZ,Türkmenabat International Airport,Türkmenabat,TM,large,12467
CSG,Columbus Airport,Columbus,US,medium,6997
CSK,Cap Skirring Airport,Cap Skirring,SN,medium,6573
CSW,Cabo San Lucas International Airport,Cabo San Lucas,MX,medium,6998
CSX,Changsha Huanghua International Airport,Changsha (Changsha),CN,large,12467
CSY,Cheboksary Airport,Cheboksary,RU,medium,8241
CTA,Catania-Fontanarossa Airport,Catania,IT,large,7989
CTC,Coronel Felipe Varela International Airport,Catamarca,AR,medium,9186
CTD,Alonso Valderrama Airport,Chitré,PA,medium,4921
CTG,Rafael Nuñez International Airport,Cartagena,CO,large,8530
CTL,Charleville Airport,Charleville,AU,medium,5000
CTM,Chetumal International Airport,Chetumal,MX,medium,7244
CTN,Cooktown Airport,,AU,medium,5338
CTS,New Chitose Airport,Sapporo,JP,large,9843
CTU,Chengdu Shuangliu International Airport,Chengdu (Shuangliu),CN,large,11811
CUC,Camilo Daza International Airport,Cúcuta,CO,medium,7700
CUE,Mariscal Lamar Airport,Cuenca,EC,medium,6234
CUF,Cuneo International Airport,Levaldigi (CN),IT,medium,6903
CUK,Caye Caulker Airport,Caye Caulker,BZ,medium,0
CUL,Bachigualato Federal International Airport,Culiacán,MX,large,7365
CUM,Antonio José de Sucre Airport,Cumaná,VE,medium,10171
CUN,Cancún International Airport,Cancún,MX,large,11483
CUP,General Francisco Bermúdez Airport,Carúpano,VE,medium,6611
CUQ,Coen Airport,Coen,AU,medium,4107
CUR,Hato International Airport,Willemstad,CW,large,11188
CUU,General Roberto Fierro Villalobos International Airport,Chihuahua,MX,large,8530
CUZ,Alejandro Velasco Astete International Airport,Cusco,PE,large,11146
CVG,Cincinnati Northern Kentucky International Airport,Cincinnati / Covington,US,large,12001
CVM,General Pedro Jose Mendez International Airport,Ciudad Victoria,MX,medium,7218
CVN,Clovis Municipal Airport,Clovis,US,medium,7200
CVQ,Carnarvon Airport,Carnarvon,AU,medium,5509
CWA,Central Wisconsin Airport,Mosinee,US,medium,7723
CWB,Curitiba-Afonso Pena International Airport,Curitiba,BR,large,7277
CWJ,Cangyuan Washan Airport,Lincang (Cangyuan),CN,medium,8530
CWL,Cardiff International Airport,Cardiff,GB,large,7723
CXB,Cox's Bazar Airport,Cox's Bazar,BD,medium,6790
CXI,Cassidy International Airport,Kiritimati,KI,large,6900
CXJ,Hugo Cantergiani Regional Airport,Caxias Do Sul,BR,medium,5479
CXP,Tunggul Wulung Airport,Cilacap,ID,medium,4593
CXR,Cam Ranh International Airport / Cam Ranh Air Base,Nha Trang/nha Trang aiurportCam Ranh,VN,large,10000
CYA,Antoine-Simon International Airport,Les Cayes,HT,medium,3220
CYB,Charles Kirkconnell International Airport,West End,KY,medium,6000
CYC,Caye Chapel Airport,Caye Chapel,BZ,medium,0
CYI,Chiayi Airport,Shuishang,TW,medium,10007
CYO,Vilo Acuña International Airport,Cayo Largo del Sur,CU,medium,9869
CYP,Calbayog Airport,Calbayog City,PH,medium,4843
CYS,Cheyenne Regional Jerry Olson Field,Cheyenne,US,medium,9270
CYX,Cherskiy Airport,Cherskiy,RU,medium,5577
CYZ,Cauayan Airport,Cauayan City,PH,medium,6890
CZE,José Leonardo Chirinos Airport,Coro,VE,medium,6761
CZH,Corozal Airport,Corozal,BZ,medium,2198
CZL,Mohamed Boudiaf International Airport,Constantine,DZ,large,9843
CZM,Cozumel International Airport,Cozumel,MX,large,10165
CZS,Cruzeiro do Sul Airport,Cruzeiro Do Sul,BR,medium,7874
CZU,Las Brujas Airport,Corozal,CO,medium,4930
CZX,Changzhou Benniu International Airport,Changzhou,CN,medium,11155
DAB,Daytona Beach International Airport,Daytona Beach,US,medium,10500
DAC,Hazrat Shahjalal International Airport,Dhaka,BD,large,11500
DAD,Da Nang International Airport,Da Nang,VN,large,11483
DAL,Dallas Love Field,Dallas,US,large,8800
DAM,Damascus International Airport,Damascus,SY,large,11811
DAR,Julius Nyerere International Airport,Dar es Salaam,TZ,large,9843
DAT,Datong Yungang International Airport,Datong,CN,large,9843
DAU,Daru Airport,Daru,PG,medium,4593
DAV,Enrique Malek International Airport,David,PA,medium,8530
DAY,James M. Cox Dayton International Airport,Dayton,US,medium,10901
DBB,El Alamein International Airport,El Alamein,EG,large,11479
DBC,Baicheng Chang'an Airport,Baicheng,CN,medium,8202
DBO,Dubbo City Regional Airport,Dubbo,AU,medium,5604
DBQ,Dubuque Regional Airport,Dubuque,US,medium,6502
DBR,Darbhanga Airport,Darbhanga,IN,medium,9000
DBV,Dubrovnik Ruđer Bošković Airport,Dubrovnik,HR,large,10597
DCA,Ronald Reagan Washington National Airport,Washington,US,large,7169
DCF,Canefield Airport,Canefield,DM,medium,3130
DCM,Castres Mazamet Airport,Castres,FR,medium,5988
DCY,Daocheng Yading Airport,Garzê (Daocheng),CN,medium,13780
DDC,Dodge City Regional Airport,Dodge City,US,medium,6899
DDG,Dandong Langtou International Airport,Dandong (Zhenxing),CN,medium,8530
DDR,Shigatse Tingri Airport,Xigazê (Dingri),CN,medium,14764
DEA,Dera Ghazi Khan Airport,Dera Ghazi Khan,PK,medium,6499
DEB,Debrecen International Airport,Debrecen,HU,large,8196
DEC,Decatur Airport,Decatur,US,medium,8496
DED,Dehradun Jolly Grant Airport,Dehradun (Jauligrant),IN,medium,7000
DEF,Dezful Airport,Dezful,IR,medium,12641
DEL,Indira Gandhi International Airport,New Delhi,IN,large,14534
DEN,Denver International Airport,Denver,US,large,16000
DFW,Dallas Fort Worth International Airport,Dallas-Fort Worth,US,large,13401
DGA,Dangriga Airport,Dangriga,BZ,medium,0
DGO,General Guadalupe Victoria International Airport,Durango,MX,medium,9514
DGT,Sibulan Airport,Dumaguete City,PH,medium,6220
DHM,Kangra Airport,Kangra,IN,medium,4620
DHN,Dothan Regional Airport,Dothan,US,medium,8500
DHX,Dhoho International Airport,Kediri,ID,medium,10827
DIA,Doha International Airport,Doha,QA,large,15000
DIB,Dibrugarh Airport,Dibrugarh,IN,medium,6000
DIE,Arrachart Airport,Antisiranana,MG,medium,4921
DIG,Diqing Shangri-La Airport,Diqing (Shangri-La),CN,medium,11647
DIK,Dickinson Theodore Roosevelt Regional Airport,Dickinson,US,medium,7301
DIL,Presidente Nicolau Lobato International Airport,Dili,TL,large,6065
DIN,Dien Bien Phu Airport,Dien Bien Phu,VN,medium,7874
DIR,Aba Tenna Dejazmach Yilma International Airport,Dire Dawa,ET,large,8791
DIY,Diyarbakır Airport,Diyarbakır,TR,medium,11644
DJE,Djerba Zarzis International Airport,Mellita,TN,large,10171
DJG,Tiska Djanet Airport,Djanet,DZ,large,9843
DJJ,Dortheys Hiyo Eluay International Airport,Sentani,ID,large,9842
DJT,President Donald J. Trump International Airport,West Palm Beach,US,large,10001
DKA,Umaru Musa Yar'adua Airport,Katsina,NG,medium,11352
DLA,Douala International Airport,Douala,CM,large,9350
DLC,Dalian Zhoushuizi International Airport,Dalian (Ganjingzi),CN,large,10827
DLE,Dole Tavaux Airport,Dole,FR,medium,7318
DLG,Dillingham Airport,Dillingham,US,medium,6400
DLH,Duluth International Airport,Duluth,US,medium,10591
DLI,Lien Khuong Airport,Da Lat,VN,medium,10663
DLM,Dalaman International Airport,Dalaman,TR,large,9842
DLU,Dali Fengyi Airport,Dali (Xiaguan),CN,medium,8202
DLZ,Dalanzadgad Airport,Dalanzadgad,MN,medium,7545
DMB,Taraz International Airport,Taraz,KZ,large,9514
DME,Domodedovo International Airport,Moscow,RU,large,12448
DMK,Don Mueang International Airport,Bangkok,TH,large,12139
DMM,King Fahd International Airport,Ad Dammam,SA,large,13124
DMU,Dimapur Airport,Dimapur,IN,medium,7513
DND,Dundee Airport,Dundee,GB,medium,4593
DNH,Dunhuang Mogao International Airport,Dunhuang,CN,large,9186
DNZ,Çardak Airport,Denizli,TR,medium,9842
DOD,Dodoma Airport,Dodoma,TZ,medium,6700
DOG,Dongola Airport,Dongola,SD,medium,9843
DOH,Hamad International Airport,Doha,QA,large,15912
DOL,Deauville Normandie airport,Deauville,FR,medium,8366
DOM,Douglas-Charles Airport,Marigot,DM,medium,6352
DOV,Dover Civil Air Terminal/Dover Air Force Base,Dover,US,medium,12903
DOY,Dongying Shengli Airport,Dongying (Kenli),CN,medium,9186
DPL,Dipolog Airport,Dipolog,PH,medium,6273
DPO,Devonport Airport,Devonport,AU,medium,6030
DPS,Denpasar I Gusti Ngurah Rai International Airport,"Kuta, Badung",ID,large,9790
DQM,Duqm International Airport,Duqm,OM,large,13123
DRG,Deering Airport,Deering,US,medium,3320
DRO,Durango La Plata County Airport,Durango,US,medium,9201
DRP,Bicol International Airport,Legazpi,PH,large,8202
DRS,Dresden Airport,Dresden,DE,large,9350
DRW,Darwin International Airport / RAAF Darwin,Darwin,AU,large,11004
DSI,Destin Executive Airport,Destin,US,medium,5001
DSM,Des Moines International Airport,Des Moines,US,large,9004
DSN,Ordos Ejin Horo International Airport,Ordos,CN,large,10499
DSO,Sondok Airport,Sŏndŏng-ni,KP,medium,8210
DSS,Blaise Diagne International Airport,Dakar,SN,large,11483
DSY,Dara Sakor International Airport,Ta Noun,KH,large,10498
DTM,Dortmund Airport,Dortmund,DE,large,6562
DTU,Wudalianchi Dedu Airport,Heihe,CN,medium,8202
DTW,Detroit Metropolitan Wayne County Airport,Detroit,US,large,12003
DUB,Dublin Airport,Dublin,IE,large,10203
DUD,Dunedin International Airport,Dunedin,NZ,medium,6234
DUE,Dundo Airport,Chitato,AO,medium,6468
DUJ,DuBois Regional Airport,Dubois,US,medium,5503
DUM,Pinang Kampai Airport,Dumai,ID,medium,5905
DUR,King Shaka International Airport,Durban,ZA,large,12139
DUS,Düsseldorf Airport,Düsseldorf,DE,large,9842
DUT,Tom Madsen (Dutch Harbor) Airport,Unalaska,US,medium,4500
DVL,Devils Lake Regional Airport,Devils Lake,US,medium,6400
DVO,Francisco Bangoy International Airport,Davao,PH,large,9842
DWC,Al Maktoum International Airport,Dubai(Jebel Ali),AE,large,14764
DWD,Dawadmi Domestic Airport,Dawadmi,SA,medium,10006
DXB,Dubai International Airport,Dubai,AE,large,14590
DXN,Noida International Airport,Gautam Buddha Nagar,IN,large,12975
DYG,Zhangjiajie Hehua International Airport,Zhangjiajie (Yongding),CN,large,8530
DYR,Ugolny Yuri Ryktheu Airport,Anadyr,RU,medium,11483
DYU,Dushanbe International Airport,Dushanbe,TJ,large,10170
DZA,Dzaoudzi Pamandzi International Airport,Dzaoudzi,YT,large,6330
DZH,Dazhou Jinya Airport,Dazhou (Dachuan),CN,medium,8530
DZN,Zhezkazgan National Airport,Zhezkazgan,KZ,large,8530
EAM,Najran Domestic Airport,Najran,SA,medium,10007
EAR,Kearney Regional Airport,Kearney,US,medium,7094
EAS,San Sebastián Airport,Hondarribia,ES,medium,5755
EAT,Pangborn Memorial Airport,Wenatchee,US,medium,7000
EAU,Chippewa Valley Regional Airport,Eau Claire,US,medium,8101
EBA,Marina di Campo Airport,Campo nell'Elba (LI),IT,medium,3114
EBB,Entebbe International Airport,Entebbe,UG,large,12000
EBD,El-Obeid Airport,El-Obeid,SD,medium,9843
EBJ,Esbjerg Airport,Esbjerg,DK,medium,8527
EBL,Erbil International Airport,Arbil,IQ,large,15748
ECN,Ercan International Airport,Tymbou (Kirklar),CY,large,10498
ECP,Northwest Florida Beaches International Airport,Panama City Beach,US,medium,10000
EDI,Edinburgh Airport,"Ingliston, Edinburgh",GB,large,8392
EDL,Eldoret International Airport,Eldoret,KE,large,11480
EDO,Balıkesir Koca Seyit Airport,Edremit,TR,large,9842
EFL,Kefallinia Airport,Kefallinia Island,GR,medium,7992
EGC,Bergerac Dordogne-Périgord airport,Bergerac,FR,medium,7234
EGE,Eagle County Regional Airport,Eagle,US,medium,9000
EGS,Egilsstaðir Airport,Egilsstaðir,IS,medium,7054
EGX,Egegik Airport,Egegik,US,medium,5600
EHU,Ezhou Huahu International Airport,Ezhou,CN,large,11811
EIE,Yeniseysk Airport,Yeniseysk,RU,medium,7217
EIN,Eindhoven Airport,Eindhoven,NL,large,9843
EIS,Terrance B. Lettsome International Airport,Beef Island,VG,large,4642
EJA,Yariguíes Airport,Barrancabermeja,CO,medium,5905
EJH,Al Wajh Domestic Airport,Al Wajh,SA,medium,10007
EKO,Elko Regional Airport,Elko,US,medium,7214
ELC,Elcho Island Airport,Elcho Island,AU,medium,4724
ELD,South Arkansas Regional Airport at Goodwin Field,El Dorado,US,medium,6601
ELF,El Fasher Airport,El Fasher,SD,medium,9744
ELG,El Golea Airport,El Menia,DZ,medium,9843
ELH,North Eleuthera Airport,North Eleuthera,BS,medium,6020
ELM,Elmira Corning Regional Airport,Elmira/Corning,US,medium,8001
ELP,El Paso International Airport,El Paso,US,large,12020
ELQ,Prince Naif bin Abdulaziz International Airport,Qassim,SA,large,9843
ELS,King Phalo Airport,East London,ZA,large,6362
ELU,Guemar Airport - مطار قمار بالوادي,Guemar,DZ,medium,9843
EMA,East Midlands Airport,"Nottingham, Leicestershire",GB,large,9495
EMD,Emerald Airport,Emerald,AU,medium,6234
EMK,Emmonak Airport,Emmonak,US,medium,4601
ENA,Kenai Municipal Airport,Kenai,US,medium,7855
ENF,Enontekio Airport,Enontekio,FI,medium,6565
ENH,Enshi Xujiaping Airport,Enshi (Enshi),CN,medium,6890
ENO,Teniente Ramon A. Ayub Gonzalez International Airport,Encarnación,PY,large,7218
ENU,Akanu Ibiam International Airport,Enegu,NG,large,7879
ENY,Yan'an Nanniwan Airport,Yan'an (Baota),CN,medium,9843
EOH,Enrique Olaya Herrera Airport,Medellín,CO,medium,8202
EOI,Eday Airport,Eday,GB,medium,1896
EPR,Esperance Airport,Esperance,AU,medium,4921
EPU,Pärnu Airport,Pärnu,EE,medium,6463
EQS,Esquel Brigadier Antonio Parodi International Airport,Esquel,AR,medium,7874
ERC,Erzincan Airport,Erzincan,TR,medium,9843
ERF,Erfurt-Weimar Airport,Erfurt,DE,large,8530
ERH,Moulay Ali Cherif Airport,Errachidia,MA,medium,10499
ERI,Erie International Tom Ridge Field,Erie,US,medium,8420
ERL,Erenhot Saiwusu International Airport,Erenhot,CN,medium,9186
ERS,Eros Airport,Windhoek,NA,medium,7381
ERZ,Erzurum International Airport,Erzurum,TR,medium,12500
ESB,Esenboğa International Airport,Ankara,TR,large,12303
ESC,Delta County Airport,Escanaba,US,medium,6498
ESD,Orcas Island Airport,Eastsound,US,medium,2901
ESL,Elista Airport,Elista,RU,medium,10499
ESM,Carlos Concha Torres International Airport,Tachina,EC,large,7874
ESR,Ricardo García Posada Airport,El Salvador,CL,medium,7546
ESU,Essaouira-Mogador Airport,Essaouira,MA,medium,8553
ETM,Ramon International Airport,Eilat,IL,large,11811
ETR,Santa Rosa - Artillery Colonel Victor Larrea International Airport,Santa Rosa,EC,medium,8625
ETZ,Metz-Nancy-Lorraine Airport,Goin,FR,medium,8202
EUG,Eugene Airport,Eugene,US,medium,8009
EUN,Laayoune Hassan I International Airport,El Aaiún,EH,large,8861
EUX,F. D. Roosevelt Airport,Oranjestad,BQ,medium,4265
EVE,Harstad/Narvik Airport,Evenes,NO,large,9236
EVN,Zvartnots International Airport,Yerevan,AM,large,12631
EVV,Evansville Regional Airport,Evansville,US,medium,8021
EWB,New Bedford Regional Airport,New Bedford,US,medium,5400
EWN,Coastal Carolina Regional Airport,New Bern,US,medium,6452
EWR,Newark Liberty International Airport,Newark,US,large,11000
EXT,Exeter International Airport,"Exeter, Devon",GB,medium,6811
EYK,Beloyarskiy Airport,,RU,medium,7028
EYP,El Alcaravan - Yopal Airport,Yopal,CO,medium,8448
EYW,Key West International Airport,Key West,US,medium,5076
EZE,Ezeiza International Airport - Ministro Pistarini,Buenos Aires (Ezeiza),AR,large,10827
EZS,Elazığ Airport,Elazığ,TR,medium,9843
FAE,Vágar Airport,Vágar,FO,large,5905
FAI,Fairbanks International Airport,Fairbanks,US,medium,11800
FAO,Faro - Gago Coutinho International Airport,Faro,PT,large,8169
FAR,Hector International Airport,Fargo,US,medium,9001
FAT,Fresno Yosemite International Airport,Fresno,US,large,9539
FAV,Fakarava Airport,,PF,medium,4596
FAY,Fayetteville Regional Airport - Grannis Field,Fayetteville,US,medium,7709
FBM,Lubumbashi International Airport,Lubumbashi,CD,large,10623
FCA,Glacier Park International Airport,Kalispell,US,medium,9007
FCN,Sea-Airport Cuxhaven/Nordholz / Nordholz Naval Airbase,Wurster Nordseeküste,DE,medium,8002
FCO,Rome–Fiumicino Leonardo da Vinci International Airport,Rome,IT,large,12801
FDF,Martinique Aimé Césaire International Airport,Fort-de-France,MQ,large,9843
FDH,Bodensee Airport Friedrichshafen,Friedrichshafen,DE,large,7729
FDU,Bandundu Airport,Bandundu,CD,medium,4528
FEG,Fergana International Airport,Fergana,UZ,medium,9383
FEN,Fernando de Noronha Airport,Fernando de Noronha,BR,medium,6053
FEZ,Fes Saïss International Airport,Saïss,MA,large,10499
FGU,Fangatau Airport,Fangatau,PF,medium,3936
FIH,Ndjili International Airport,Kinshasa,CD,large,13123
FIZ,Fitzroy Crossing Airport,,AU,medium,4265
FJR,Fujairah International Airport,Fujairah,AE,large,10007
FKB,Karlsruhe Baden-Baden Airport,Rheinmünster,DE,large,9787
FKI,Bangoka International Airport,Kisangani,CD,large,11483
FKQ,Fakfak Airport,Fakfak,ID,medium,3415
FKS,Fukushima Airport,Sukagawa,JP,medium,8202
FLA,Gustavo Artunduaga Paredes Airport,Florencia,CO,medium,4921
FLG,Flagstaff Pulliam Airport,Flagstaff,US,medium,8800
FLL,Fort Lauderdale Hollywood International Airport,Fort Lauderdale,US,large,9000
FLN,Hercílio Luz International Airport,Florianópolis,BR,large,7874
FLO,Florence Regional Airport,Florence,US,medium,6502
FLR,"Florence Airport, Peretola",Firenze (FI),IT,large,5118
FLW,Flores Airport,Santa Cruz das Flores,PT,medium,4593
FLZ,Dr. Ferdinand Lumban Tobing Airport,Sibolga (Pinangsori),ID,medium,5655
FMA,Formosa National Airport,Formosa,AR,medium,5905
FMI,Kalemie Airport,Kalemie,CD,medium,5741
FMM,Memmingen Allgau Airport,Memmingen,DE,large,8629
FMO,Münster Osnabrück Airport,Greven,DE,large,7119
FNA,Lungi International Airport,Freetown (Lungi-Town),SL,large,10498
FNC,Cristiano Ronaldo International Airport,Funchal,PT,large,9110
FNI,Nîmes-Arles-Camargue Airport,Nîmes/Garons,FR,medium,8005
FNJ,Pyongyang Sunan International Airport,Pyongyang,KP,large,12475
FNT,Bishop International Airport,Flint,US,medium,7852
FOC,Fuzhou Changle International Airport,Fuzhou (Changle),CN,large,11811
FOD,Fort Dodge Regional Airport,Fort Dodge,US,medium,6547
FOG,Foggia Gino Lisa Airport,Foggia (FG),IT,medium,5692
FON,La Fortuna Arenal Airport,La Fortuna,CR,medium,2625
FOR,Pinto Martins International Airport,Fortaleza,BR,large,9039
FPO,Grand Bahama International Airport,Freeport,BS,large,11019
FRA,Frankfurt Main Airport,Frankfurt am Main,DE,large,13123
FRD,Friday Harbor Airport,Friday Harbor,US,medium,3402
FRL,Forlì-Luigi Ridolfi International Airport,Forlì (FC),IT,medium,7907
FRO,Florø Airport,Florø,NO,medium,4144
FRS,Mundo Maya International Airport,San Benito,GT,medium,9842
FRW,Phillip Gaonwe Matante International Airport,Francistown,BW,large,9843
FSC,Figari Sud-Corse Airport,Figari,FR,large,8136
FSD,Sioux Falls Regional Airport,Sioux Falls,US,medium,9000
FSM,Fort Smith Regional Airport,Fort Smith,US,medium,8000
FSP,Saint-Pierre Pointe-Blanche Airport,Saint-Pierre,PM,medium,5906
FSZ,Mount Fuji Shizuoka Airport,Makinohara / Shimada,JP,large,7218
FTE,El Calafate - Commander Armando Tola International Airport,El Calafate,AR,medium,8366
FTU,Tôlanaro Airport,Tôlanaro,MG,medium,5280
FTW,Fort Worth Meacham International Airport,Fort Worth,US,medium,7502
FUE,Fuerteventura Airport,El Matorral,ES,large,11220
FUG,Fuyang Xiguan Airport,"Yingzhou, Fuyang",CN,medium,7874
FUJ,Fukue Airport,Goto,JP,medium,6561
FUK,Fukuoka Airport,Fukuoka,JP,large,9186
FUN,Funafuti International Airport,Funafuti,TV,medium,5040
FUO,Foshan Shadi Airport,Foshan (Nanhai),CN,medium,9186
FWA,Fort Wayne International Airport,Fort Wayne,US,medium,11981
FYJ,Fuyuan Dongji Airport,Fuyuan,CN,medium,8202
FYN,Fuyun Koktokay Airport,Fuyun,CN,medium,8530
FYU,Fort Yukon Airport,Fort Yukon,US,medium,5000
GAJ,Yamagata Airport,Higashine,JP,medium,6560
GAL,Edward G. Pitka Sr Airport,Galena,US,medium,6000
GAM,Gambell Airport,Gambell,US,medium,4500
GAN,Gan International Airport,Gan,MV,large,12000
GAQ,Gao International Airport,Gao,ML,medium,8202
GAU,Lokpriya Gopinath Bordoloi International Airport,Guwahati,IN,large,9000
GAY,Gaya Airport,Gaya,IN,medium,7500
GBB,Gabala International Airport,Gabala,AZ,medium,11811
GBE,Sir Seretse Khama International Airport,Gaborone,BW,large,13123
GBJ,Marie-Galante Airport,Grand-Bourg,GP,medium,4068
GCC,Northeast Wyoming Regional Airport,Gillette,US,medium,7501
GCH,Gachsaran Airport,Gachsaran,IR,medium,6070
GCI,Guernsey Airport,Saint Peter Port,GG,medium,5194
GCK,Garden City Regional Airport,Garden City,US,medium,7299
GCM,Owen Roberts International Airport,George Town,KY,large,7867
GCN,Grand Canyon National Park Airport,Grand Canyon - Tusayan,US,medium,8999
GDB,Gondia Airport,Gondia,IN,medium,7500
GDE,Gode Airport,Gode,ET,medium,7505
GDL,Guadalajara International Airport,Guadalajara,MX,large,13123
GDN,Gdańsk Lech Wałęsa Airport,Gdańsk,PL,large,9186
GDQ,Gondar Airport,Azezo,ET,medium,9072
GDT,JAGS McCartney International Airport,Cockburn Town,TC,medium,6362
GDV,Dawson Community Airport,Glendive,US,medium,5704
GDX,Sokol Airport,Magadan,RU,medium,11326
GDZ,Gelendzhik Airport,Gelendzhik,RU,medium,10171
GEA,Nouméa Magenta Airport,Nouméa,NC,medium,4101
GEG,Spokane International Airport,Spokane,US,large,11002
GEL,Santo Ângelo Airport,Santo Ângelo,BR,medium,5331
GEM,President Obiang Nguema International Airport,Mengomeyén,GQ,medium,9843
GEO,Cheddi Jagan International Airport,Georgetown,GY,large,11023
GER,Rafael Cabrera Airport,Nueva Gerona,CU,medium,8202
GES,General Santos International Airport,General Santos,PH,large,10587
GET,Geraldton Airport,Moonyoonooka,AU,medium,7838
GEV,Gällivare Airport,Gällivare,SE,medium,5623
GFF,Griffith Airport,Griffith,AU,medium,4931
GFK,Grand Forks International Airport,Grand Forks,US,medium,7351
GGG,East Texas Regional Airport,Longview,US,medium,10000
GGT,Exuma International Airport,Moss Town,BS,medium,7051
GGW,Glasgow Valley County Airport Wokal Field,Glasgow,US,medium,5002
GHA,Noumérat - Moufdi Zakaria Airport,El Atteuf,DZ,medium,10171
GHB,Governor's Harbour Airport,Governor's Harbour,BS,medium,8024
GHV,Brașov-Ghimbav International Airport,Brașov (Ghimbav),RO,large,9252
GIB,Gibraltar Airport,Gibraltar,GI,large,6000
GID,Gitega Airport,Gitega,BI,medium,3248
GIG,Rio de Janeiro Galeão – Tom Jobim International Airport,Rio De Janeiro,BR,large,13123
GIL,Gilgit Airport,Gilgit,PK,medium,5400
GIS,Gisborne Airport,Gisborne,NZ,medium,4298
GIZ,Jizan Regional Airport / King Abdullah bin Abdulaziz Airport,Jizan,SA,medium,10006
GJA,La Laguna Airport,Guanaja,HN,medium,3990
GJL,Jijel Ferhat Abbas Airport,Tahir,DZ,large,7874
GJT,Grand Junction Regional Airport,Grand Junction,US,medium,9339
GKA,Goroka Airport,Goronka,PG,medium,5400
GKN,Gulkana Airport,Gulkana,US,medium,5001
GLA,Glasgow Airport,Glasgow,GB,large,8730
GLF,Golfito Airport,Golfito,CR,medium,4593
GLH,Mid Delta Regional Airport,Greenville,US,medium,8001
GLT,Gladstone Airport,Gladstone,AU,medium,5364
GMA,Gemena Airport,Gemena,CD,medium,6550
GMB,Gambela Airport,Gambela,ET,medium,8248
GME,Gomel Airport,Gomel,BY,medium,8428
GMO,Gombe Lawanti International Airport,Gombe,NG,medium,10827
GMP,Seoul Gimpo International Airport,Seoul,KR,large,11811
GMQ,Golog Maqên Airport,Golog (Maqên),CN,medium,12467
GMR,Totegegie Airport,,PF,medium,6562
GNB,Grenoble Alpes Isère Airport,Grenoble,FR,medium,10007
GND,Maurice Bishop International Airport,Saint George's,GD,large,9003
GNJ,Ganja International Airport,Ganja,AZ,large,10827
GNS,Binaka Airport,Gunungsitoli,ID,medium,4445
GNV,Gainesville Regional Airport,Gainesville,US,medium,7504
GNY,Şanlıurfa GAP Airport,Şanlıurfa,TR,large,13123
GOA,Genoa Cristoforo Colombo Airport,Genova (GE),IT,large,9564
GOH,Nuuk International Airport,Nuuk,GL,large,7217
GOI,Goa Dabolim International Airport,Vasco da Gama,IN,large,11345
GOJ,Nizhny Novgorod / Strigino International Airport,Nizhny Novgorod,RU,large,9843
GOM,Goma International Airport,Goma,CD,large,9695
GOP,Gorakhpur Airport,Gorakhpur,IN,medium,9000
GOQ,Golmud Airport,Golmud,CN,medium,15748
GOT,Göteborg Landvetter Airport,Göteborg,SE,large,10823
GOU,Garoua International Airport,Garoua,CM,large,11032
GOV,Gove Airport,Nhulunbuy,AU,medium,7244
GOX,Manohar International Airport,Mopa,IN,large,11483
GPA,Patras Araxos Agamemnon Airport,Patras,GR,medium,10999
GPI,Guapi Airport,Guapi,CO,medium,4256
GPS,Seymour Galapagos Ecological Airport,Isla Baltra,EC,medium,7877
GPT,Gulfport Biloxi International Airport,Gulfport,US,medium,9002
GRB,Austin Straubel International Airport,Green Bay,US,medium,8700
GRI,Central Nebraska Regional Airport,Grand Island,US,medium,7002
GRJ,George Airport,George,ZA,large,6562
GRK,Killeen Regional Airport / Robert Gray Army Airfield,Fort Cavazos,US,medium,9997
GRO,Girona-Costa Brava Airport,Girona,ES,large,7874
GRQ,Groningen Airport Eelde,Groningen,NL,large,8202
GRR,Gerald R. Ford International Airport,Grand Rapids,US,large,10001
GRU,São Paulo/Guarulhos–Governor André Franco Montoro International Airport,São Paulo,BR,large,12139
GRV,Akhmat Kadyrov Grozny International Airport,Grozny,RU,large,8202
GRW,Graciosa Airport,Santa Cruz da Graciosa,PT,medium,4529
GRX,F.G.L. Airport Granada-Jaén Airport,Granada,ES,medium,9514
GRY,Grímsey Airport,Grímsey/Sandvík,IS,medium,3399
GRZ,Graz Airport,Feldkirchen bei Graz,AT,large,9842
GSM,Qeshm International Airport,Qeshm(Dayrestan),IR,large,13864
GSO,Piedmont Triad International Airport,Greensboro,US,large,10001
GSP,Greenville-Spartanburg International Airport,Greenville/Greer/Spartanburg,US,medium,11001
GST,Gustavus Airport,Gustavus,US,medium,6720
GSV,Gagarin International Airport,Saratov,RU,large,9843
GTE,Groote Eylandt Airport,Groote Eylandt,AU,medium,6237
GTF,Great Falls International Airport,Great Falls,US,medium,10502
GTR,Golden Triangle Regional Airport,Columbus/W Point/Starkville,US,medium,8003
GUA,La Aurora International Airport,Guatemala City,GT,large,9800
GUC,Gunnison Crested Butte Regional Airport,Gunnison,US,medium,9400
GUM,Antonio B. Won Pat International Airport,Hagåtña,GU,large,12015
GUP,Gallup Municipal Airport,Gallup,US,medium,7312
GUR,Gurney Airport,Gurney,PG,medium,5546
GUW,Atyrau International Airport,Atyrau,KZ,large,9842
GVA,Geneva International Airport,Geneva,CH,large,12795
GVR,Coronel Altino Machado Airport,Governador Valadares,BR,medium,5581
GWD,New Gwadar International Airport,Gurandani,PK,large,12000
GWL,Gwalior Airport,Gwalior,IN,medium,9000
GWT,Westerland Sylt Airport,Sylt,DE,medium,6955
GXF,Seiyun Hadhramaut International Airport,Seiyun,YE,large,9843
GXG,Negage Airport,Negage,AO,medium,7874
GXH,Gannan Xiahe Airport,Gannan (Xiahe),CN,medium,10499
GYA,Guayaramerín Airport,Guayaramerín,BO,medium,5767
GYD,Heydar Aliyev International Airport,Baku,AZ,large,13123
GYE,José Joaquín de Olmedo International Airport,Guayaquil,EC,large,9154
GYM,General José María Yáñez International Airport,Guaymas,MX,medium,7710
GYN,Santa Genoveva International Airport,Goiânia,BR,large,7500
GYS,Guangyuan Panlong Airport,Guangyuan (Lizhou),CN,medium,8202
GYU,Guyuan Liupanshan Airport,Guyuan (Yuanzhou),CN,medium,9186
GYY,Gary/Chicago International Airport,Gary,US,medium,8859
GZP,Gazipaşa-Alanya Airport,Gazipaşa,TR,medium,7710
GZT,Gaziantep Oğuzeli International Airport,Gaziantep,TR,large,9842
HAC,Hachijojima Airport,Hachijojima,JP,medium,6563
HAD,Halmstad Airport,Halmstad,SE,medium,7419
HAH,Prince Said Ibrahim International Airport,Moroni,KM,large,9514
HAJ,Hannover Airport,Hannover,DE,large,12434
HAK,Haikou Meilan International Airport,Haikou (Meilan),CN,large,11811
HAM,Hamburg Helmut Schmidt Airport,Hamburg,DE,large,12028
HAN,Noi Bai International Airport,Hanoi (Soc Son),VN,large,12466
HAQ,Hanimaadhoo International Airport,Haa Dhaalu Atoll,MV,large,8087
HAS,Hail International Airport,Hail,SA,large,12204
HAU,"Haugesund Airport, Karmøy",Karmøy,NO,medium,6957
HAV,José Martí International Airport,Havana,CU,large,13123
HBA,Hobart International Airport,Hobart (Cambridge),AU,large,8947
HBE,Alexandria International Airport,Alexandria,EG,large,11156
HBX,Hubballi Airport,Hubballi,IN,medium,5479
HCJ,Hechi Jinchengjiang Airport,Hechi (Jinchengjiang),CN,medium,7218
HCR,Holy Cross Airport,Holy Cross,US,medium,4000
HCZ,Chenzhou Beihu Airport,Chenzhou,CN,medium,8530
HDF,Heringsdorf Airport,Zirchow,DE,medium,7562
HDG,Handan Airport,Handan,CN,medium,8530
HDM,Hamadan Airport,Hamadan,IR,medium,10611
HDN,Yampa Valley Airport,Hayden,US,medium,10000
HDS,Eastgate Airport / Air Force Base Hoedspruit,Hoedspruit,ZA,medium,13094
HDY,Hat Yai International Airport,Hat Yai,TH,large,10007
HEA,Herat - Khwaja Abdullah Ansari International Airport,Guzara,AF,large,9888
HEH,Heho Airport,Heho,MM,medium,8500
HEK,Heihe Aihui Airport,Heihe,CN,medium,8202
HEL,Helsinki Vantaa Airport,Helsinki (Vantaa),FI,large,11483
HER,Heraklion International Nikos Kazantzakis Airport,Heraklion,GR,large,8904
HET,Hohhot Baita International Airport,Hohhot,CN,large,11811
HFA,Uri Michaeli Haifa International Airport,Haifa,IL,medium,4324
HFE,Hefei Xinqiao International Airport,Hefei,CN,large,11155
HFN,Hornafjörður Airport,Höfn,IS,medium,4921
HFT,Hammerfest Airport,Hammerfest,NO,medium,3061
HGA,Egal International Airport,Hargeisa,SO,large,12139
HGH,Hangzhou Xiaoshan International Airport,Hangzhou,CN,large,11811
HGI,Itanagar Donyi Polo Hollongi Airport,Hollongi,IN,medium,7546
HGN,Mae Hong Son Airport,Mae Hong Son,TH,medium,6562
HGO,Korhogo Airport,Korhogo,CI,medium,6890
HGR,Hagerstown Regional Richard A Henson Field,Hagerstown,US,medium,7000
HGU,Mount Hagen Kagamuga Airport,Mount Hagen,PG,medium,7185
HHH,Hilton Head Airport,Hilton Head Island,US,medium,5000
HHN,Frankfurt-Hahn Airport,Frankfurt am Main (Lautzenhausen),DE,large,12467
HHQ,Hua Hin Airport,Hua Hin,TH,medium,6890
HHR,Jack Northrop Field Hawthorne Municipal Airport,Hawthorne,US,medium,4884
HIA,Huai'an Lianshui Airport,Huai'an,CN,large,9186
HIB,Range Regional Airport,Hibbing,US,medium,6758
HID,Horn Island Airport,Horn,AU,medium,4557
HII,Lake Havasu City Airport,Lake Havasu City,US,medium,8000
HIJ,Hiroshima Airport,Hiroshima,JP,large,9842
HIN,Sacheon Airport / Sacheon Air Base,Sacheon,KR,medium,9000
HIR,Honiara International Airport,Honiara,SB,large,7218
HJJ,Huaihua Zhijiang Airport,Huaihua,CN,medium,7218
HJR,Khajuraho Airport,Khajuraho,IN,medium,7460
HKD,Hakodate Airport,Hakodate,JP,large,9842
HKG,Hong Kong International Airport,Hong Kong,HK,large,12467
HKK,Hokitika Airfield,,NZ,medium,4311
HKN,Hoskins Airport,Kimbe,PG,medium,6644
HKT,Phuket International Airport,Phuket,TH,large,10171
HLA,Lanseria International Airport,Johannesburg,ZA,large,10000
HLD,Hulunbuir Hailar Airport,Hailar,CN,large,8530
HLE,Saint Helena International Airport,Jamestown,SH,medium,6398
HLN,Helena Regional Airport,Helena,US,medium,9000
HLP,Halim Perdanakusuma International Airport,Jakarta,ID,large,9843
HLZ,Hamilton International Airport,Hamilton,NZ,medium,6755
HMA,Khanty Mansiysk Airport,Khanty-Mansiysk,RU,medium,9180
HMB,Suhaj International Airport,Suhaj,EG,large,9843
HME,Hassi Messaoud-Oued Irara Krim Belkacem Airport,Hassi Messaoud,DZ,medium,9843
HMI,Hami Airport,Hami,CN,medium,7874
HMO,General Ignacio L. Pesqueira International Airport,Hermosillo,MX,large,7546
HNA,Iwate Hanamaki Airport,Hanamaki,JP,medium,8202
HND,Tokyo Haneda International Airport,Tokyo,JP,large,11024
HNL,Daniel K. Inouye International Airport,"Honolulu, Oahu",US,large,12360
HNM,Hana Airport,Hana,US,medium,3606
HNS,Haines Airport,Haines,US,medium,4000
HOB,Lea County Regional Airport,Hobbs,US,medium,8000
HOF,Al-Ahsa International Airport,Hofuf,SA,large,10039
HOG,Frank Pais International Airport,Holguin,CU,large,10624
HOI,Hao Airport,Otepa,PF,medium,11089
HOM,Homer Airport,Homer,US,medium,6701
HOR,Horta Airport,Horta,PT,medium,5233
HOT,Memorial Field Airport,Hot Springs,US,medium,6595
HOU,William P. Hobby Airport,Houston,US,large,7602
HOV,"Ørsta-Volda Airport, Hovden",Ørsta,NO,medium,3510
HPA,Lifuka Island Airport,Lifuka,TO,medium,3937
HPG,Shennongjia Hongping Airport,Shennongjia (Hongping),CN,medium,9186
HPH,Cat Bi International Airport,Haiphong (Hai An),VN,large,10007
HPN,Westchester County Airport,White Plains,US,medium,6549
HQL,Tashikuergan Hongqilafu Airport,Tashikuergan,CN,medium,12467
HRB,Harbin Taiping International Airport,Harbin,CN,large,11811
HRE,Robert Gabriel Mugabe International Airport,Harare,ZW,large,15502
HRG,Hurghada International Airport,Hurghada,EG,large,13171
HRI,Mattala Rajapaksa International Airport,Mattala,LK,medium,11483
HRL,Valley International Airport,Harlingen,US,medium,9400
HRO,Boone County Airport,Harrison,US,medium,6161
HSA,Hazrat Sultan International Airport,Turkıstan,KZ,large,10827
HSC,Shaoguan Danxia Airport,Shaoguan,CN,medium,9186
HSG,Kyushu Saga International Airport,Saga,JP,large,6562
HSL,Huslia Airport,Huslia,US,medium,4000
HSN,Zhoushan Putuoshan International Airport,Zhoushan,CN,large,8202
HSR,Rajkot International Airport,Rajkot,IN,large,9974
HSS,Maharaja Agrasen International Airport,Hisar,IN,large,10236
HSV,Huntsville International Airport,Huntsville,US,medium,12600
HTA,Chita-Kadala International Airport,Chita,RU,large,9430
HTG,Khatanga Airport,Khatanga,RU,medium,8872
HTI,Hamilton Island Airport,Hamilton Island,AU,medium,5591
HTN,Hotan Airport,Hotan,CN,medium,10499
HTS,Tri-State Airport / Milton J. Ferguson Field,Huntington,US,medium,7017
HTT,Huatugou Airport,Mengnai,CN,medium,11811
HTY,Hatay Airport,Antakya,TR,medium,6830
HUH,Huahine-Fare Airport,Fare,PF,medium,4921
HUI,Phu Bai International Airport,Huế,VN,large,8775
HUN,Hualien Chiashan Airport,Hualien City,TW,large,9022
HUO,Holingol Huolinhe Airport,Holingol,CN,medium,8858
HUU,Alferez Fap David Figueroa Fernandini Airport,Huánuco,PE,medium,8202
HUX,Bahías de Huatulco International Airport,Huatulco,MX,large,8858
HUY,Humberside Airport,"Grimsby, Lincolnshire",GB,medium,7218
HUZ,Huizhou Pingtan Airport,Huizhou (Pingtan),CN,medium,7874
HVB,Hervey Bay Airport,Hervey Bay,AU,medium,6561
HVD,Khovd Airport,Khovd,MN,medium,9352
HVG,"Honningsvåg Airport, Valan",Honningsvåg,NO,medium,2887
HVN,Tweed New Haven Airport,New Haven,US,medium,5600
HVR,Havre City County Airport,Havre,US,medium,5205
HWR,Halwara International Airport,Halwara,IN,large,10007
HXD,Haixi Delingha Airport,Delingha,CN,medium,9843
HYA,Cape Cod Gateway Airport,Hyannis,US,medium,5425
HYD,Rajiv Gandhi International Airport,Hyderabad,IN,large,13976
HYN,Taizhou Luqiao Airport,Taizhou (Luqiao),CN,medium,8202
HYS,Hays Regional Airport,Hays,US,medium,6501
HZA,Heze Mudan Airport,Heze (Dingtao),CN,medium,8530
HZG,Hanzhong Chenggu Airport,Hanzhong (Chenggu),CN,medium,8202
HZH,Liping Airport,Liping,CN,medium,7218
IAA,Igarka Airport,Igarka,RU,medium,8202
IAD,Washington Dulles International Airport,Dulles,US,large,11500
IAG,Niagara Falls International Airport,Niagara Falls,US,medium,9826
IAH,George Bush Intercontinental Airport,Houston,US,large,12001
IAM,Zarzaitine - In Aménas Airport,In Aménas,DZ,medium,9843
IAN,Bob Baker Memorial Airport,Kiana,US,medium,4000
IAR,Golden Ring Yaroslavl International Airport,Tunoshna,RU,large,9870
IAS,Iaşi International Airport,Iaşi,RO,large,7874
IBA,Ibadan Airport,Ibadan,NG,medium,7875
IBE,Perales Airport,Ibagué,CO,medium,5905
IBR,Ibaraki Airport,Omitama,JP,large,8858
IBZ,Ibiza Airport,Ibiza (Eivissa),ES,large,9186
ICN,Incheon International Airport,Seoul,KR,large,13123
ICT,Wichita Dwight D. Eisenhower National Airport,Wichita,US,medium,10302
IDA,Idaho Falls Regional Airport,Idaho Falls,US,medium,9002
IDR,Devi Ahilya Bai Holkar International Airport,Indore,IN,large,9035
IEG,Zielona Góra-Babimost Airport,Nowe Kramsko,PL,medium,8202
IFJ,Ísafjörður Airport,Ísafjörður,IS,medium,4593
IFN,Isfahan Shahid Beheshti International Airport,Isfahan,IR,large,14425
IGA,Inagua Airport,Matthew Town,BS,medium,7020
IGD,Iğdır Airport,Iğdır,TR,medium,9843
IGR,Cataratas Del Iguazú International Airport,Puerto Iguazu,AR,medium,10827
IGT,Magas Airport,Sunzha,RU,medium,9842
IGU,Cataratas International Airport,Foz do Iguaçu,BR,large,8875
IJK,Izhevsk Airport,Izhevsk,RU,medium,8202
IKA,Imam Khomeini International Airport,Tehran,IR,large,13772
IKG,Karakol International Airport,Karakol,KG,medium,8202
IKI,Iki Airport,Iki,JP,medium,4331
IKS,Tiksi Airport,Tiksi,RU,medium,9845
IKT,Irkutsk International Airport,Irkutsk,RU,large,11696
IKU,Issyk-Kul International Airport,Tamchy,KG,large,12467
ILD,Lleida-Alguaire Airport,Lleida,ES,medium,8202
ILG,Wilmington Airport,Wilmington,US,medium,7275
ILI,Iliamna Airport,Iliamna,US,medium,5086
ILM,Wilmington International Airport,Wilmington,US,medium,8016
ILO,Iloilo International Airport,Cabatuan,PH,large,8202
ILP,Île des Pins Airport,Île des Pins,NC,medium,3608
ILQ,General Jorge Fernandez Maldon Airport,Ilo,PE,medium,8202
ILR,General Tunde Idiagbon International Airport,Ilorin/Ogbomosho,NG,large,10169
ILS,Ilopango International Airport,San Salvador,SV,medium,7349
ILY,Islay Airport,"Isle of Islay, Argyll and Bute",GB,medium,5098
IMF,Bir Tikendrajit International Airport,Imphal,IN,large,9009
IMP,Prefeito Renato Moreira Airport,Imperatriz,BR,medium,5899
IMT,Ford Airport,Kingsford,US,medium,6502
INC,Yinchuan Hedong International Airport,Yinchuan,CN,large,11811
IND,Indianapolis International Airport,Indianapolis,US,large,11200
INH,Inhambane Airport,Inhambane,MZ,medium,4921
INI,Niš Constantine the Great Airport,Niš,RS,large,8202
INL,Falls International Airport,International Falls,US,medium,7400
INN,Innsbruck Airport,Innsbruck,AT,large,6562
INU,Nauru International Airport,Yaren,NR,medium,7054
INV,Inverness Airport,Inverness,GB,medium,6194
INZ,In Salah Airport,In Salah,DZ,medium,9843
IOA,Ioannina King Pyrrhus National Airport,Ioannina,GR,medium,7874
IOM,Isle of Man Airport,Castletown,IM,large,6923
IOS,Bahia - Jorge Amado Airport,Ilhéus,BR,medium,5174
IPC,Mataveri International Airport,Isla De Pascua,CL,large,10827
IPH,Sultan Azlan Shah Airport,Ipoh,MY,large,5900
IPI,San Luis Airport,Ipiales,CO,medium,8202
IPL,Imperial County Airport,Imperial,US,medium,5308
IPN,Usiminas Airport,Ipatinga,BR,medium,6575
IPT,Williamsport Regional Airport,Williamsport,US,medium,6825
IQM,Qiemo Yudu Airport,Qiemo,CN,medium,9186
IQN,Qingyang Xifeng Airport,Qingyang (Xifeng),CN,medium,8530
IQQ,Diego Aracena International Airport,Iquique,CL,large,10991
IQT,Coronel FAP Francisco Secada Vignetta International Airport,Iquitos,PE,large,8202
IRG,Lockhart River Airport,Lockhart River,AU,medium,4919
IRJ,Capitan V A Almonacid Airport,La Rioja,AR,medium,9383
IRK,Kirksville Regional Airport,Kirksville,US,medium,6005
IRP,Matari Airport,Isiro,CD,medium,8202
ISA,Mount Isa Airport,Mount Isa,AU,medium,8399
ISB,Islamabad International Airport,Attock,PK,large,12001
ISE,Süleyman Demirel International Airport,Isparta,TR,medium,9843
ISG,New Ishigaki Airport,Ishigaki,JP,medium,6562
ISK,Nashik International Airport,Nashik,IN,large,9843
ISP,Long Island MacArthur Airport,Islip,US,medium,7006
IST,İstanbul Airport,Istanbul,TR,large,13451
ISU,Jalal Talabani International Airport,Sulaymaniyah,IQ,medium,11481
ITB,Itaituba Airport,Itaituba,BR,medium,5577
ITH,Ithaca Tompkins Regional Airport,Ithaca,US,medium,6977
ITM,Osaka Itami International Airport,Osaka,JP,large,9840
ITO,Hilo International Airport,Hilo,US,medium,9800
IUE,Niue International Airport,Alofi,NU,medium,7660
IVC,Invercargill Airport,Invercargill,NZ,medium,7251
IVL,Ivalo Airport,Ivalo,FI,large,8199
IWA,Ivanovo South Airport,Ivanovo,RU,medium,8202
IWJ,Iwami Airport,Masuda,JP,medium,6562
IWK,Iwakuni Kintaikyo Airport,Iwakuni,JP,medium,8000
IXA,Agartala - Maharaja Bir Bikram Airport,Agartala,IN,medium,7500
IXB,Bagdogra Airport,Siliguri,IN,large,9035
IXC,Shaheed Bhagat Singh International Airport,Chandigarh,IN,large,12467
IXD,Prayagraj Airport,Allahabad,IN,medium,8110
IXE,Mangaluru International Airport,Mangaluru,IN,large,8035
IXG,Belagavi Airport,Belgaum,IN,medium,7546
IXI,Lilabari North Lakhimpur Airport,Lilabari,IN,medium,7500
IXJ,Jammu Airport,Jammu,IN,medium,6700
IXK,Keshod Airport,Keshod,IN,medium,4500
IXL,Leh Kushok Bakula Rimpochee Airport,Leh,IN,medium,9040
IXM,Madurai Airport,Madurai,IN,medium,5990
IXP,Pathankot Airport,Pathankot,IN,medium,8970
IXR,Birsa Munda Airport,Ranchi,IN,medium,8855
IXS,Silchar Airport,Silchar,IN,medium,5993
IXU,Aurangabad Airport,Aurangabad,IN,medium,9314
IXY,Kandla Airport,Kandla,IN,medium,4997
IXZ,Veer Savarkar International Airport / INS Utkrosh,Port Blair,IN,large,10795
IZA,Presidente Itamar Franco Airport,Juiz de Fora,BR,medium,8284
IZO,Izumo Enmusubi Airport,Izumo,JP,medium,6562
IZT,General Antonio Cárdenas Rodríguez National Airport / Ixtepec Air Base,Ixtepec,MX,medium,7640
JAC,Jackson Hole Airport,Jackson,US,medium,6300
JAE,Shumba Airport,Jaén,PE,medium,7874
JAF,Jaffna International Airport,Jaffna,LK,large,4593
JAI,Jaipur International Airport,Jaipur,IN,large,9177
JAN,Jackson-Medgar Wiley Evers International Airport,Jackson,US,medium,8500
JAU,Francisco Carle Airport,Jauja,PE,medium,9220
JAV,Ilulissat Airport,Ilulissat,GL,medium,2772
JAX,Jacksonville International Airport,Jacksonville,US,large,10000
JBQ,La Isabela International Airport,La Isabela,DO,medium,5412
JBR,Jonesboro Municipal Airport,Jonesboro,US,medium,6200
JCL,České Budějovice South Bohemian Airport,České Budějovice,CZ,large,8202
JDF,Francisco de Assis Airport,Juiz de Fora,BR,medium,5036
JDH,Jodhpur Airport,Jodhpur,IN,medium,9005
JDZ,Jingdezhen Luojia Airport,Jingdezhen,CN,medium,7874
JED,King Abdulaziz International Airport,Jeddah,SA,large,13123
JEE,Jérémie Airport,Carrefour Sanon,HT,medium,0
JEG,Aasiaat Airport,Aasiaat,GL,medium,2621
JER,Jersey Airport,St. Peter,JE,medium,5594
JFK,John F. Kennedy International Airport,New York,US,large,14511
JGA,Jamnagar Airport,Jamnagar,IN,medium,8242
JGD,Daxing'anling Elunchun Airport,Jiagedaqi,CN,medium,7546
JGN,Jiayuguan International Airport,Jiayuguan,CN,large,9843
JGS,Jinggangshan Airport,Ji'an,CN,medium,8530
JHB,Senai International Airport,Johor Bahru,MY,large,12467
JHG,Xishuangbanna Gasa International Airport,Jinghong (Gasa),CN,large,7874
JHM,Kapalua Airport,Lahaina,US,medium,3000
JHS,Sisimiut Airport,Sisimiut,GL,medium,2621
JIB,Djibouti-Ambouli Airport,Djibouti City,DJ,large,10335
JIC,Jinchang Jinchuan Airport,Jinchang,CN,medium,9843
JIJ,Gerad Wilwal International Airport,Jijiga,ET,large,8202
JIM,Jimma Airport,Jimma,ET,medium,10236
JIQ,Qianjiang Wulingshan Airport,Qianjiang,CN,medium,7874
JJD,Comandante Ariston Pessoa Airport,Cruz,BR,medium,7218
JJN,Quanzhou Jinjiang International Airport,Quanzhou,CN,large,8530
JJU,Qaqortoq Airport,Qaqortoq,GL,medium,4924
JKG,Jönköping Airport,Jönköping,SE,medium,7228
JKH,Chios Island National Airport,Chios Island,GR,medium,4957
JKR,Janakpur Airport,Janakpur,NP,medium,3300
JLN,Joplin Regional Airport,Joplin,US,medium,6502
JLR,Jabalpur Airport,Jabalpur,IN,medium,6522
JMJ,Lancang Jingmai Airport,Pu'er (Lancang),CN,medium,8530
JMK,Mykonos Island National Airport,Mykonos,GR,medium,6240
JMS,Jamestown Regional Airport,Jamestown,US,medium,6502
JMU,Jiamusi Songjiang International Airport,Jiamusi,CN,medium,8202
JNB,O.R. Tambo International Airport,Johannesburg,ZA,large,14495
JNG,Jining Da'an Airport,Jining,CN,medium,9186
JNH,Jiaxing Nanhu Airport,"Xiuzhou, Hangzhou",CN,medium,11155
JNU,Juneau International Airport,Juneau,US,medium,8857
JNZ,Jinzhou Bay Airport,Jinzhou (Linghai),CN,medium,8202
JOE,Joensuu Airport,Joensuu,FI,medium,8202
JOG,Adisutjipto International Airport,Yogyakarta,ID,medium,7215
JOI,Lauro Carneiro de Loyola Airport,Joinville,BR,medium,5381
JOL,Jolo Airport,Jolo,PH,medium,4144
JOS,Yakubu Gowon Airport,Jos,NG,medium,9845
JPA,Presidente Castro Pinto International Airport,João Pessoa,BR,large,8251
JRH,Jorhat Airport,Jorhat,IN,medium,9000
JRO,Kilimanjaro International Airport,Arusha,TZ,large,11811
JSA,Jaisalmer Airport,,IN,medium,9000
JSH,Sitia Airport,Crete Island,GR,medium,6804
JSI,Skiathos Island National Airport,Skiathos,GR,medium,5341
JSJ,Jiansanjiang Shidi Airport,Jiansanjiang,CN,medium,8202
JSR,Jessore Airport,Jashore (Jessore),BD,medium,8000
JST,John Murtha Johnstown Cambria County Airport,Johnstown,US,medium,7004
JTC,Bauru/Arealva–Moussa Nakhal Tobias State Airport,Bauru,BR,medium,6594
JTR,Santorini International Airport,Santorini Island,GR,large,7208
JUB,Juba International Airport,Juba,SS,large,10171
JUJ,Gobernador Horacio Guzman International Airport,San Salvador de Jujuy,AR,large,9698
JUL,Inca Manco Capac International Airport,Juliaca,PE,large,13780
JUZ,Quzhou Airport,Quzhou (Kezheng),CN,medium,6234
JXA,Jixi Xingkaihu Airport,Jixi,CN,medium,7546
JYV,Jyväskylä Airport,Jyväskylän Maalaiskunta,FI,medium,8533
JZH,Jiuzhai Huanglong Airport,Ngawa (Songpan),CN,medium,10499
KAB,Kariba Airport,Kariba,ZW,medium,5413
KAC,Qamishli International Airport,Qamishli,SY,medium,11860
KAD,Kaduna International Airport,Kaduna,NG,large,9843
KAI,Kaieteur Airport,Kaieteur Falls,GY,medium,2018
KAJ,Kajaani Airport,Kajaani,FI,medium,8199
KAN,Mallam Aminu Kano International Airport,Kano,NG,large,10831
KAO,Kuusamo Airport,Kuusamo,FI,medium,8202
KAT,Kaitaia Airport,Awanui,NZ,medium,4600
KAW,Kawthoung Airport,Kawthoung,MM,medium,6000
KBL,Kabul International Airport,Kabul,AF,large,11483
KBR,Sultan Ismail Petra Airport,Kota Baharu,MY,medium,7874
KBV,Krabi International Airport,Krabi,TH,large,9842
KCH,Kuching International Airport,Kuching,MY,large,12402
KCM,Kahramanmaraş Airport,Kahramanmaraş,TR,medium,7546
KCT,Koggala Airport,Galle,LK,medium,3142
KCY,Krasnoyarsk Cheremshanka Airport,Krasnoyarsk,RU,medium,5905
KCZ,Kochi Ryoma Airport,Nankoku,JP,large,8203
KDH,Ahmad Shah Baba International Airport,Kandahar,AF,large,10532
KDL,Kärdla Airport,Kärdla,EE,medium,4987
KDM,Kaadedhdhoo Airport,Huvadhu Atoll,MV,medium,4003
KDO,Kadhdhoo Airport,Kadhdhoo,MV,medium,4003
KDU,Skardu International Airport,Skardu,PK,large,11995
KEF,Keflavik International Airport,Reykjavík,IS,large,10056
KEJ,Alexei Leonov Kemerovo International Airport,Kemerovo,RU,large,10499
KEM,Kemi-Tornio Airport,Kemi / Tornio,FI,medium,8212
KEP,Nepalgunj Airport,Nepalgunj,NP,medium,4935
KER,Ayatollah Hashemi Rafsanjani International Airport,Kerman,IR,large,12635
KET,Kengtung Airport,Kengtung,MM,medium,7815
KFS,Kastamonu Airport,Kastamonu,TR,medium,7382
KGA,Kananga Airport,Kananga,CD,medium,7218
KGC,Kingscote Airport,,AU,medium,4600
KGD,Khrabrovo Airport,Kaliningrad,RU,large,10991
KGF,Sary-Arka Airport,Karaganda,KZ,large,10831
KGI,Kalgoorlie Boulder Airport,Broadwood,AU,medium,6562
KGL,Kigali International Airport,Kigali,RW,large,11483
KGP,Kogalym International Airport,Kogalym,RU,medium,8225
KGS,"Kos International Airport ""Ippokratis""",Kos Island,GR,large,7841
KGT,Kangding Airport,Garzê (Kangding),CN,medium,13123
KHD,Khoram Abad Airport,,IR,medium,10498
KHG,Kashgar Laining International Airport,Kashgar,CN,large,10499
KHH,Kaohsiung International Airport,Kaohsiung (Xiaogang),TW,large,10335
KHI,Jinnah International Airport,Karachi,PK,large,11155
KHK,Khark Airport,Khark,IR,medium,5922
KHN,Nanchang Changbei International Airport,Nanchang,CN,large,11155
KHS,Khasab Airport,Khasab,OM,medium,8202
KHT,Khost International Airport,Khost,AF,medium,8740
KHV,Khabarovsk Novy Airport,Khabarovsk,RU,medium,13124
KHX,Savannah Airstrip,Kihihi,UG,medium,6004
KIH,Kish International Airport,Kish Island,IR,large,12004
KIJ,Niigata Airport,Niigata,JP,large,8200
KIK,Kirkuk International Airport,Kirkuk,IQ,large,9809
KIM,Kimberley Airport,Kimberley,ZA,large,9843
KIN,Norman Manley International Airport,Kingston,JM,large,8900
KIR,Kerry Airport,Farranfore,IE,medium,6562
KIS,Kisumu International Airport,Kisumu,KE,large,10823
KIX,Kansai International Airport,Osaka,JP,large,13123
KJA,Krasnoyarsk International Airport,Krasnoyarsk,RU,large,12139
KJB,Kurnool Airport,Orvakal,IN,medium,6562
KJH,Kaili Huangping Airport,Kaili  (Huangping),CN,medium,8530
KJI,Burqin Kanas Airport,Burqin,CN,medium,8202
KJT,Kertajati International Airport,Kertajati,ID,medium,9843
KKC,Khon Kaen Airport,Khon Kaen,TH,medium,10007
KKE,Kerikeri Airport,Kerikeri,NZ,medium,3904
KKJ,Kitakyushu Airport,Kitakyushu,JP,large,8202
KKN,"Kirkenes Airport, Høybuktmoen",Kirkenes,NO,medium,6939
KKR,Kaukura Airport,Raitahiti,PF,medium,3543
KKS,Kashan Airport,Kashan,IR,medium,8845
KKW,Kikwit Airport,Kikwit,CD,medium,5151
KKX,Kikai Airport,Kikai,JP,medium,4307
KLH,Kolhapur Airport,Kolhapur,IN,medium,6332
KLO,Kalibo International Airport,Kalibo,PH,large,7175
KLR,Kalmar Airport,Kalmar,SE,medium,6726
KLU,Klagenfurt Airport,Klagenfurt am Wörthersee,AT,large,8924
KLV,Karlovy Vary Airport,Karlovy Vary,CZ,large,7054
KLW,Klawock Airport,Klawock,US,medium,5000
KLX,Kalamata Airport,Kalamata,GR,medium,9843
KMA,Kerema Airport,Kerema,PG,medium,3044
KMC,King Khaled Military City Airport,King Khaled Military City,SA,medium,12005
KME,Kamembe Airport,Kamembe,RW,medium,4921
KMG,Kunming Changshui International Airport,Kunming,CN,large,14764
KMI,Miyazaki Airport,Miyazaki,JP,large,8200
KMJ,Kumamoto Airport,Kumamoto,JP,large,9840
KMQ,Komatsu Airport / JASDF Komatsu Air Base,Kanazawa,JP,large,8876
KMS,Prempeh I International Airport,Kumasi,GH,large,7612
KMW,Kostroma Sokerkino Airport,Kostroma,RU,medium,5577
KND,Kindu Airport,Kindu,CD,medium,7218
KNG,Utarom Airport,Kaimana,ID,medium,5249
KNH,Kinmen Airport,Shang-I,TW,medium,9843
KNO,Kualanamu International Airport,Beringin,ID,large,12303
KNQ,Koné Airport,Koné,NC,medium,3281
KNS,King Island Airport,,AU,medium,5198
KNU,Kanpur Airport,Kanpur,IN,medium,9000
KNX,East Kimberley Regional (Kununurra) Airport,Kununurra,AU,medium,6000
KOA,Ellison Onizuka Kona International Airport at Keāhole,Kailua-Kona,US,large,11000
KOE,El Tari Airport,Kupang,ID,medium,8202
KOI,Kirkwall Airport,"Kirkwall, Orkney Islands",GB,medium,4690
KOJ,Kagoshima Airport,Kagoshima,JP,large,9840
KOK,Kokkola-Pietarsaari Airport,Kokkola / Kruunupyy,FI,medium,8202
KOP,Nakhon Phanom Airport,Nakhon Phanom,TH,medium,8203
KOS,Sihanouk International Airport,Preah Sihanouk,KH,large,8202
KOV,Kokshetau International Airport,Kokshetau,KZ,large,8325
KPO,Pohang Airport (G-815/K-3),Pohang,KR,medium,7000
KPW,Keperveem Airport,Keperveem,RU,medium,11482
KQH,Kishangarh Airport Ajmer,Ajmer (Kishangarh),IN,medium,7060
KQT,Bokhtar International Airport,Bokhtar,TJ,large,7497
KRF,Kramfors-Sollefteå Höga Kusten Airport,Nyland,SE,medium,6565
KRK,Kraków John Paul II International Airport,Balice,PL,large,8366
KRL,Korla Licheng Airport,Korla,CN,medium,9121
KRN,Kiruna Airport,Kiruna,SE,large,8209
KRO,Kurgan Airport,Kurgan,RU,medium,8530
KRP,Midtjyllands Airport / Air Base Karup,Karup,DK,medium,9816
KRR,Krasnodar Pashkovsky International Airport,Krasnodar,RU,large,9835
KRS,Kristiansand Airport,Kristiansand(Kjevik),NO,large,6677
KRT,Khartoum International Airport,Khartoum,SD,large,9751
KRW,Turkmenbaşy International Airport,Turkmenbaşy,TM,medium,11483
KSA,Kosrae International Airport,Okat,FM,large,5750
KSC,Košice International Airport,Košice,SK,medium,10171
KSD,Karlstad Airport,Karlstad,SE,medium,8255
KSF,Kassel Airport,Calden,DE,large,8202
KSH,Shahid Ashrafi Esfahani Airport,Kermanshah,IR,medium,11213
KSL,Kassala Airport,Kassala,SD,medium,8202
KSN,Kostanay International Airport,Kostanay,KZ,large,9229
KSU,"Kristiansund Airport, Kvernberget",Kvernberget,NO,medium,7841
KSY,Kars Airport,Kars,TR,medium,11483
KSZ,Kotlas Airport,Kotlas,RU,medium,4757
KTA,Karratha Airport,Karratha,AU,medium,7480
KTD,Kitadaito Airport,Kitadaitōjima,JP,medium,4921
KTG,Rahadi Osman Airport,Ketapang,ID,medium,4585
KTI,Techo International Airport,Phnom Penh (Boeng Khyang),KH,large,13123
KTM,Tribhuvan International Airport,Kathmandu,NP,large,10991
KTN,Ketchikan International Airport,Ketchikan,US,medium,9500
KTP,Tinson Pen Airport,Tinson Pen,JM,medium,4300
KTT,Kittilä International Airport,Kittilä,FI,large,8202
KTW,Katowice Wojciech Korfanty International Airport,Katowice,PL,large,10499
KUA,Kuantan Airport,Kuantan,MY,medium,9200
KUF,Kurumoch International Airport,Samara,RU,large,9846
KUH,Kushiro Airport,Kushiro,JP,medium,8202
KUL,Kuala Lumpur International Airport,Sepang,MY,large,13530
KUM,Yakushima Airport,Yakushima,JP,medium,4921
KUN,Kaunas International Airport,Kaunas,LT,large,10663
KUO,Kuopio Airport,Kuopio / Siilinjärvi,FI,large,9186
KUS,Kulusuk Airport,Kulusuk,GL,medium,3934
KUT,David the Builder Kutaisi International Airport,Kopitnari,GE,large,8202
KUU,Kullu Manali Airport,Bhuntar,IN,medium,3690
KUV,Gunsan Airport / Gunsan Air Base,Gunsan,KR,medium,9000
KVA,Kavala Alexander the Great International Airport,Kavala,GR,large,9844
KVG,Kavieng Airport,Kavieng,PG,medium,5592
KVO,Morava Airport,Kraljevo,RS,medium,7431
KVX,Pobedilovo Airport,Kirov,RU,medium,7230
KWA,Bucholz Army Air Field,Kwajalein,MH,medium,6668
KWE,Guiyang Longdongbao International Airport,Guiyang (Nanming),CN,large,13123
KWI,Kuwait International Airport,Kuwait City,KW,large,15026
KWJ,Gwangju Airport,Gwangju,KR,medium,9300
KWL,Guilin Liangjiang International Airport,Guilin (Lingui),CN,large,10499
KWM,Kowanyama Airport,Kowanyama,AU,medium,4528
KWZ,Kolwezi Airport,Kolwezi,CD,medium,5741
KXB,Sangia Nibandera Airport,Kolaka,ID,medium,6070
KXK,Komsomolsk-on-Amur Airport,Komsomolsk-on-Amur,RU,medium,8202
KYA,Konya Airport,Konya,TR,large,10990
KYD,Lanyu Airport,Orchid Island,TW,medium,3852
KYP,Kyaukpyu Airport,Kyaukpyu,MM,medium,4600
KYS,Kayes Dag Dag Airport,Kayes,ML,medium,8858
KYZ,Kyzyl Airport,Kyzyl,RU,medium,8858
KZI,Kozani National Airport Filippos,Kozani,GR,medium,5978
KZN,Kazan International Airport,Kazan,RU,large,12303
KZO,Korkyt Ata International Airport,Kyzylorda,KZ,large,8858
KZR,Zafer Airport,Altıntaş,TR,medium,9843
LAD,Quatro de Fevereiro International Airport,Luanda,AO,large,12190
LAE,Nadzab Tomodachi International Airport,Lae,PG,large,8000
LAF,Purdue University Airport,West Lafayette,US,medium,6600
LAJ,Lages Airport,Lages,BR,medium,5020
LAL,Lakeland Linder International Airport,Lakeland,US,medium,8500
LAN,Capital Region International Airport,Lansing,US,medium,8506
LAO,Laoag International Airport,Laoag City,PH,large,9120
LAP,Manuel Márquez de León International Airport,La Paz,MX,medium,8202
LAQ,Al Abraq International Airport,Al Albraq,LY,large,11824
LAR,Laramie Regional Airport,Laramie,US,medium,8503
LAS,Harry Reid International Airport,Las Vegas,US,large,14835
LAU,Manda Airport,Lamu,KE,medium,6561
LAW,Lawton Fort Sill Regional Airport,Lawton,US,medium,8599
LAX,Los Angeles International Airport,Los Angeles,US,large,12894
LBA,Leeds Bradford Airport,"Leeds, West Yorkshire",GB,large,7381
LBB,Lubbock Preston Smith International Airport,Lubbock,US,medium,11500
LBC,Lübeck Blankensee Airport,Lübeck,DE,medium,6896
LBD,Khujand International Airport,Khujand,TJ,large,10433
LBE,Arnold Palmer Regional Airport,Latrobe,US,medium,8222
LBF,North Platte Regional Airport Lee Bird Field,North Platte,US,medium,8001
LBL,Liberal Mid-America Regional Airport,Liberal,US,medium,7105
LBS,Labasa Airport,Labasa,FJ,medium,3507
LBU,Labuan Airport,Labuan,MY,medium,9006
LBV,Libreville Leon M'ba International Airport,Libreville,GA,large,9844
LCA,Larnaca International Airport,Larnaca,CY,large,9823
LCE,Golosón International Airport,La Ceiba,HN,medium,9875
LCG,A Coruña Airport,Culleredo,ES,medium,7178
LCH,Lake Charles Regional Airport,Lake Charles,US,medium,6500
LCJ,Łódź Władysław Reymont Airport,Łódź,PL,large,8202
LCK,Rickenbacker International Airport,Columbus,US,medium,12103
LCX,Liancheng Guanzhishan Airport,Longyan (Liancheng),CN,medium,7874
LCY,London City Airport,London,GB,medium,4948
LDB,Governor José Richa Airport,Londrina,BR,medium,6890
LDE,Tarbes-Lourdes-Pyrénées Airport,Tarbes/Lourdes/Pyrénées,FR,medium,9843
LDS,Yichun Lindu Airport,Yichun,CN,medium,7546
LDU,Lahad Datu Airport,Lahad Datu,MY,medium,4498
LDX,Saint-Laurent-du-Maroni Airport,Saint-Laurent-du-Maroni,GF,medium,3281
LDY,City of Derry Airport,"Derry, Derry and Strabane",GB,medium,6460
LEA,Learmonth Airport,Exmouth,AU,medium,9997
LEB,Lebanon Municipal Airport,Lebanon,US,medium,5496
LED,Pulkovo Airport,St. Petersburg,RU,large,12402
LEI,Almería Airport,Almería,ES,medium,10499
LEJ,Leipzig/Halle Airport,Schkeuditz,DE,large,11811
LEN,León Airport,La Virgen del Camino,ES,medium,9843
LER,Leinster Airport,,AU,medium,5906
LET,Alfredo Vásquez Cobo International Airport,Leticia,CO,medium,6168
LEU,Pirineus - la Seu d'Urgel Airport,La Seu d'Urgell Pyrenees and Andorra,ES,medium,4157
LEX,Blue Grass Airport,Lexington,US,medium,7004
LFM,Lamerd Airport,Lamerd,IR,medium,10020
LFQ,Linfen Yaodu Airport,Linfen (Yaodu),CN,medium,8530
LFT,Lafayette Regional Airport,Lafayette,US,medium,8000
LFW,Lomé–Tokoin International Airport,Lomé,TG,large,9847
LGA,LaGuardia Airport,New York,US,large,7002
LGB,Long Beach International Airport,Long Beach,US,large,10000
LGG,Liège Airport,Grâce-Hollogne,BE,medium,12106
LGI,Deadman's Cay Airport,Deadman's Cay,BS,medium,4000
LGK,Langkawi International Airport,Langkawi,MY,large,12500
LGW,London Gatwick Airport,London,GB,large,10883
LHE,Allama Iqbal International Airport,Lahore,PK,large,11024
LHG,Lightning Ridge Airport,,AU,medium,4613
LHL,Lachin International Airport,Lachin,AZ,medium,0
LHR,London Heathrow Airport,London,GB,large,12799
LHS,Las Heras Airport,Las Heras,AR,medium,4593
LHW,Lanzhou Zhongchuan International Airport,Lanzhou (Yongdeng),CN,large,13123
LIF,Lifou Airport,Lifou,NC,medium,3609
LIG,Limoges Airport,Limoges/Bellegarde,FR,medium,8202
LIH,Lihue Airport,"Lihue, Kauai",US,large,6500
LIL,Lille Airport,Lesquin,FR,large,9268
LIM,Jorge Chávez International Airport,Lima,PE,large,11506
LIN,Milano Linate Airport,Segrate (MI),IT,large,8012
LIO,Limón International Airport,Limón,CR,medium,5906
LIR,Daniel Oduber Quirós International Airport,Liberia,CR,large,9022
LIS,Lisbon Humberto Delgado Airport,Lisbon,PT,large,12500
LIT,Bill & Hillary Clinton National Airport/Adams Field,Little Rock,US,medium,8273
LIW,Loikaw Airport,Loikaw,MM,medium,5200
LJG,Lijiang Sanyi International Airport,Lijiang,CN,large,9843
LJU,Ljubljana Jože Pučnik Airport,Zgornji Brnik,SI,large,10827
LKL,"Lakselv Airport, Banak",Lakselv,NO,medium,9147
LKN,Leknes Airport,Leknes,NO,medium,2881
LKO,Chaudhary Charan Singh International Airport,Lucknow,IN,large,8996
LLA,Luleå Airport,Luleå,SE,large,10990
LLF,Yongzhou Lingling Airport,Yongzhou,CN,medium,8530
LLV,Lüliang Dawu Airport,Lüliang,CN,medium,8530
LLW,Kamuzu International Airport,Lumbadzi,MW,large,11614
LMM,Valle del Fuerte International Airport,Los Mochis,MX,medium,6562
LMN,Limbang Airport,Limbang,MY,medium,4922
LMP,Lampedusa Airport,Lampedusa,IT,medium,5906
LNJ,Lincang Boshang Airport,Lincang,CN,medium,7874
LNK,Lincoln Airport,Lincoln,US,medium,12901
LNL,Longnan Chengzhou Airport,Longnan (Cheng),CN,medium,9186
LNO,Leonora Airport,Leonora,AU,medium,6621
LNS,Lancaster Airport,Lancaster,US,medium,6933
LNY,Lanai Airport,Lanai City,US,medium,5001
LNZ,Linz-Hörsching Airport,Linz,AT,large,9843
LOE,Loei Airport,,TH,medium,6890
LOO,Laghouat - Molay Ahmed Medeghri Airport,Laghouat,DZ,medium,12486
LOP,Lombok International Airport,"Mataram (Pujut, Lombok Tengah)",ID,large,10826
LOS,Murtala Muhammed International Airport,Lagos,NG,large,12794
LPA,Gran Canaria Airport,Gran Canaria Island,ES,large,10171
LPB,El Alto International Airport,La Paz / El Alto,BO,large,13123
LPF,Liupanshui Yuezhao Airport,Liupanshui (Zhongshan),CN,medium,8202
LPI,Linköping City Airport,Linköping,SE,large,7004
LPL,Liverpool John Lennon Airport,Liverpool,GB,large,7497
LPP,Lappeenranta Airport,Lappeenranta,FI,large,8202
LPQ,Luang Phabang International Airport,Luang Phabang,LA,large,8202
LPT,Lampang Airport,,TH,medium,6465
LRD,Laredo International Airport,Laredo,US,medium,8743
LRE,Longreach Airport,Longreach,AU,medium,6352
LRH,La Rochelle Île de Ré Airport,La Rochelle,FR,medium,7398
LRM,Casa De Campo International Airport,La Romana,DO,large,9678
LRR,Lar Airport,Lar,IR,medium,10397
LRU,Las Cruces International Airport,Las Cruces,US,medium,7506
LSC,La Florida Airport,La Serena-Coquimbo,CL,medium,6358
LSE,La Crosse Regional Airport,La Crosse,US,medium,8742
LSG,Leshan Airport,Leshan (Wutongqiao),CN,medium,0
LSH,Lashio Airport,Lashio,MM,medium,5285
LSI,Sumburgh Airport,"Lerwick, Shetland",GB,medium,4915
LSP,Josefa Camejo International Airport,Paraguaná,VE,medium,9186
LSR,Alas Leuser Airport,Kutacane,ID,medium,5358
LST,Launceston Airport,Launceston (Western Junction),AU,medium,6499
LSY,Lismore Airport,Lismore,AU,medium,5404
LTD,Ghadames Airport,Ghadames,LY,medium,11811
LTI,Altai Airport,Altai,MN,medium,7513
LTK,Latakia International Airport,Latakia,SY,medium,9175
LTM,Lethem Airport,Lethem,GY,medium,5985
LTN,London Luton Airport,"Luton, Luton",GB,large,7093
LTO,Loreto International Airport,Loreto,MX,large,7218
LTU,Murod Kond Airport,Latur,IN,medium,7546
LTX,Cotopaxi International Airport,Latacunga,EC,medium,12117
LUA,Tenzing-Hillary Airport,Lukla,NP,medium,1729
LUD,Luderitz Airport,Luderitz,NA,medium,6004
LUG,Lugano Airport,Agno,CH,medium,4642
LUK,Cincinnati Municipal Airport Lunken Field,Cincinnati,US,medium,6101
LUM,Dehong Mangshi International Airport,Dehong (Mangshi),CN,medium,7218
LUN,Kenneth Kaunda International Airport,Lusaka,ZM,large,12998
LUQ,Brigadier Mayor D Cesar Raul Ojeda Airport,San Luis,AR,medium,9678
LUR,Cape Lisburne LRRS Airport,Cape Lisburne,US,medium,4800
LUV,Karel Sadsuitubun Airport,Langgur,ID,medium,7710
LUX,Luxembourg-Findel International Airport,Luxembourg,LU,large,13123
LUZ,Lublin Airport,Lublin,PL,large,8268
LVI,Harry Mwanga Nkumbula International Airport,Livingstone,ZM,large,9843
LWB,Greenbrier Valley Airport,Lewisburg,US,medium,7003
LWN,Shirak International Airport,Gyumri,AM,large,10564
LWS,Lewiston Nez Perce County Airport,Lewiston,US,medium,6511
LXA,Lhasa Gonggar International Airport,Shannan (Gonggar),CN,large,13123
LXR,Luxor International Airport,Luxor,EG,large,9843
LYA,Luoyang Beijiao Airport,Luoyang (Laocheng),CN,large,8202
LYC,Lycksele Airport,Lycksele,SE,medium,6564
LYG,Lianyungang Huaguoshan International Airport,Lianyungang,CN,large,9186
LYH,Lynchburg Regional Airport - Preston Glenn Field,Lynchburg,US,medium,7100
LYI,Linyi Qiyang Airport,Linyi (Hedong),CN,medium,10498
LYP,Faisalabad International Airport,Faisalabad,PK,large,9324
LYR,"Svalbard Airport, Longyear",Longyearbyen,NO,medium,7608
LYS,Lyon Saint-Exupéry Airport,"Colombier-Saugnieu, Rhône",FR,large,13124
LZG,Langzhong Gucheng Airport,Nanchong (Langzhong),CN,medium,11811
LZH,Liuzhou Bailian Airport / Bailian Air Base,Liuzhou (Liujiang),CN,medium,8202
LZN,Matsu Nangan Airport,Matsu (Nangan),TW,medium,5180
LZO,Luzhou Yunlong Airport,Luzhou (Yunlong),CN,medium,8858
LZY,Nyingchi Mainling Airport,Nyingchi (Mainling),CN,medium,9843
MAA,Chennai International Airport,Chennai,IN,large,12001
MAB,João Correa da Rocha Airport,Marabá,BR,medium,6562
MAD,Adolfo Suárez Madrid–Barajas Airport,Madrid,ES,large,14271
MAF,Midland International Air and Space Port,Midland,US,medium,9501
MAG,Madang Airport,Madang,PG,medium,5174
MAH,Menorca Airport,Mahón (Maó),ES,large,8366
MAJ,Marshall Islands International Airport,Majuro Atoll,MH,large,7897
MAK,Malakal International Airport,Malakal,SS,medium,6562
MAM,General Servando Canales International Airport,Matamoros,MX,medium,7546
MAN,Manchester Airport,"Manchester, Greater Manchester",GB,large,10007
MAO,Eduardo Gomes International Airport,Manaus,BR,large,8858
MAQ,Mae Sot Airport,,TH,medium,4921
MAR,La Chinita International Airport,Maracaibo,VE,large,9843
MAS,Momote Airport,Manus Island,PG,medium,6136
MAU,Maupiti Airport,,PF,medium,3135
MAZ,Eugenio Maria De Hostos Airport,Mayaguez,PR,medium,4998
MBA,Moi International Airport,Mombasa,KE,large,10991
MBD,Mmabatho International Airport,Mafeking,ZA,medium,15157
MBE,Monbetsu Airport,Monbetsu,JP,medium,6562
MBI,Songwe Airport,Mbeya,TZ,medium,10925
MBJ,Sangster International Airport,Montego Bay,JM,large,10039
MBS,MBS International Airport,Freeland,US,medium,8002
MBT,Moises R. Espinosa Airport,Masbate,PH,medium,4199
MBW,Melbourne Moorabbin Airport,Melbourne,AU,medium,4380
MBX,Maribor Edvard Rusjan Airport,Maribor,SI,medium,8202
MCE,Merced Regional Macready Field,Merced,US,medium,5914
MCG,McGrath Airport,McGrath,US,medium,5936
MCI,Kansas City International Airport,Kansas City,US,large,10801
MCK,McCook Ben Nelson Regional Airport,McCook,US,medium,6450
MCN,Middle Georgia Regional Airport,Macon,US,medium,6500
MCO,Orlando International Airport,Orlando,US,large,12005
MCP,Macapá - Alberto Alcolumbre International Airport,Macapá,BR,medium,6890
MCT,Muscat International Airport,Muscat/Seeb,OM,large,13386
MCW,Mason City Municipal Airport,Mason City,US,medium,6501
MCX,Makhachkala Uytash International Airport,Makhachkala,RU,large,8688
MCY,Sunshine Coast Airport,Maroochydore,AU,large,9186
MCZ,Zumbi dos Palmares International Airport,Maceió,BR,large,8537
MDC,Sam Ratulangi International Airport,Manado,ID,large,8693
MDE,Jose Maria Córdova International Airport,Medellín,CO,large,11286
MDG,Mudanjiang Hailang International Airport,Mudanjiang,CN,medium,8530
MDI,Makurdi Airport,Makurdi,NG,medium,9830
MDK,Mbandaka Airport,Mbandaka,CD,medium,7223
MDL,Mandalay International Airport,Mandalay,MM,large,14003
MDQ,Ástor Piazzola International Airport,Mar del Plata,AR,medium,7218
MDT,Harrisburg International Airport,Harrisburg,US,medium,10001
MDU,Mendi Airport,Mendi,PG,medium,4411
MDW,Chicago Midway International Airport,Chicago,US,large,6522
MDZ,Governor Francisco Gabrielli International Airport,Mendoza,AR,large,9301
MEB,Melbourne Essendon Airport,Essendon Fields,AU,medium,6302
MEC,Eloy Alfaro International Airport,Manta,EC,medium,9383
MED,Prince Mohammad Bin Abdulaziz Airport,Medina,SA,large,14222
MEE,Maré Airport,Maré,NC,medium,3281
MEG,Malanje Airport,Malanje,AO,medium,7283
MEH,Mehamn Airport,Mehamn,NO,medium,2887
MEI,Key Field / Meridian Regional Airport,Meridian,US,medium,10003
MEL,Melbourne Airport,Melbourne,AU,large,11998
MEM,Frederick W. Smith International Airport,Memphis,US,large,11120
MEQ,Cut Nyak Dhien Airport,Kuala Pesisir,ID,medium,0
MEX,Mexico City Benito Juárez International Airport,Mexico City,MX,large,12966
MFE,McAllen Miller International Airport,McAllen,US,medium,7120
MFK,Matsu Beigan Airport,Matsu (Beigan),TW,medium,3773
MFM,Macau International Airport,Nossa Senhora do Carmo,MO,large,10544
MFR,Rogue Valley International-Medford Airport,Medford,US,medium,8800
MFU,Mfuwe International Airport,Mfuwe,ZM,large,7349
MGA,Augusto C. Sandino (Managua) International Airport,Managua,NI,large,8012
MGB,Mount Gambier Airport,Mount Gambier,AU,medium,5394
MGC,Michigan City Municipal Airport,Michigan City,US,medium,4099
MGF,Regional de Maringá - Sílvio Name Júnior Airport,Maringá,BR,medium,7783
MGH,Margate Airport,Margate,ZA,medium,4495
MGM,Montgomery Regional (Dannelly Field) Airport,Montgomery,US,medium,9020
MGQ,Aden Adde International Airport,Mogadishu,SO,large,10446
MGW,Morgantown Municipal Airport Walter L. (Bill) Hart Field,Morgantown,US,medium,5199
MGZ,Myeik Airport,Mkeik,MM,medium,8795
MHD,Mashhad International Airport,Mashhad,IR,large,12877
MHG,Mannheim-City Airport,Mannheim,DE,medium,3497
MHH,Leonard M. Thompson International Airport,Marsh Harbour,BS,medium,6100
MHK,Manhattan Regional Airport,Manhattan,US,medium,7400
MHQ,Mariehamn Airport,Mariehamn,FI,medium,6243
MHT,Manchester-Boston Regional Airport,Manchester,US,medium,9250
MHU,Mount Hotham Airport,Mount Hotham,AU,medium,4762
MIA,Miami International Airport,Miami,US,large,13016
MID,Manuel Crescencio Rejón International Airport,Mérida,MX,large,10499
MIG,Mianyang Nanjiao Airport,Mianyang (Fucheng),CN,medium,7874
MII,Frank Miloye Milenkowichi–Marília State Airport,Marília,BR,medium,4921
MIM,Merimbula Airport,Merimbula,AU,medium,5256
MIR,Monastir Habib Bourguiba International Airport,Monastir,TN,medium,9678
MIU,Maiduguri International Airport,Maiduguri,NG,large,9846
MJF,"Mosjøen Airport, Kjærstad",Mosjøen,NO,medium,3015
MJI,Mitiga International Airport,Tripoli,LY,large,11155
MJK,Shark Bay Airport,Denham,AU,medium,5545
MJM,Mbuji Mayi Airport,Mbuji Mayi,CD,medium,6558
MJN,Amborovy Airport,Mahajanga,MG,large,7218
MJT,Mytilene International Airport,Mytilene,GR,medium,7894
MJZ,Mirny Airport,Mirny,RU,medium,9187
MKE,General Mitchell International Airport,Milwaukee,US,large,9990
MKG,Muskegon County Airport,Muskegon,US,medium,6500
MKK,Molokai Airport,Kaunakakai,US,medium,4494
MKL,McKellar-Sipes Regional Airport,Jackson,US,medium,6005
MKM,Mukah Airport,Mukah,MY,medium,4921
MKP,Makemo Airport,Makemo,PF,medium,4920
MKQ,Mopah International Airport,Merauke,ID,medium,6070
MKR,Meekatharra Airport,,AU,medium,7156
MKU,Makokou Airport,Makokou,GA,medium,5892
MKW,Rendani Airport,Manokwari,ID,medium,6562
MKY,Mackay Airport,Mackay,AU,medium,6499
MKZ,Malacca International Airport,Malacca,MY,medium,7005
MLA,Malta International Airport,Valletta,MT,large,10991
MLB,Melbourne Orlando International Airport,Melbourne,US,medium,10181
MLE,Velana International Airport,Malé,MV,large,11155
MLG,Abdul Rachman Saleh Airport,Malang,ID,medium,8202
MLI,Quad City International Airport,Moline,US,medium,10002
MLM,General Francisco J. Mujica International Airport,Morelia,MX,large,11155
MLN,Melilla Airport,Melilla,ES,medium,4701
MLU,Monroe Regional Airport,Monroe,US,medium,7504
MLW,Spriggs Payne Airport,Monrovia,LR,medium,6000
MLX,Malatya Erhaç Airport,Malatya,TR,medium,10990
MMB,Memanbetsu Airport,Ōzora,JP,medium,8202
MMD,Minamidaito Airport,Minamidaito,JP,medium,4921
MME,Teesside International Airport,"Darlington, Durham",GB,medium,7516
MMG,Mount Magnet Airport,,AU,medium,5906
MMH,Mammoth Yosemite Airport,Mammoth Lakes,US,medium,7000
MMJ,Shinshu-Matsumoto Airport,Matsumoto,JP,medium,6560
MMK,Emperor Nicholas II Murmansk Airport,Murmansk,RU,large,8202
MMO,Maio Airport,Vila do Maio,CV,medium,3937
MMX,Malmö Sturup Airport,Malmö,SE,large,9186
MMY,Miyako Airport,Miyakojima,JP,medium,6560
MNC,Nacala International Airport,Nacala,MZ,medium,10171
MNG,Maningrida Airport,Maningrida,AU,medium,5020
MNI,John A. Osborne Airport,Gerald's Park,MS,large,1968
MNJ,Mananjary Airport,Mananjary,MG,medium,4921
MNL,Ninoy Aquino International Airport,Manila (Pasay),PH,large,12261
MNX,Manicoré Airport,Manicoré,BR,medium,4199
MOB,Mobile Regional Airport,Mobile,US,medium,8502
MOC,Mário Ribeiro Airport,Montes Claros,BR,medium,6890
MOG,Mong Hsat Airport,Mong Hsat,MM,medium,5000
MOL,"Molde Airport, Årø",Årø,NO,medium,6922
MOQ,Morondava Airport,Morondava,MG,medium,4921
MOT,Minot International Airport,Minot,US,medium,7700
MOV,Moranbah Airport,Moranbah,AU,medium,5000
MOZ,Moorea Temae Airport,Moorea-Maiao,PF,medium,4035
MPA,Katima Mulilo Airport,Mpacha,NA,medium,7520
MPH,Godofredo P. Ramos Airport,Caticlan,PH,medium,5905
MPL,Montpellier-Méditerranée Airport,Montpellier/Méditerranée,FR,large,8530
MPM,Maputo Airport,Maputo,MZ,large,12008
MPN,Mount Pleasant Airport / RAF Mount Pleasant,Mount Pleasant,FK,medium,8497
MPY,Maripasoula Airport,Maripasoula,GF,medium,3938
MQF,Magnitogorsk International Airport,Magnitogorsk,RU,large,10663
MQJ,Moma Airport,Khonuu,RU,medium,5906
MQL,Mildura Airport,Mildura,AU,medium,6004
MQM,Mardin Airport,Mardin,TR,medium,8204
MQN,"Mo i Rana Airport, Røssvoll",Mo i Rana,NO,medium,2759
MQP,Kruger Mpumalanga International Airport,Mbombela,ZA,large,10171
MQS,Mustique Airport,Lovell,VC,medium,3255
MQT,Marquette Sawyer Regional Airport,Gwinn,US,medium,9072
MQX,Mekele Alula Aba Nega Airport,Mekele,ET,medium,11811
MRE,Mara Serena Lodge Airstrip,Serena,KE,medium,3450
MRI,Merrill Field,Anchorage,US,medium,4000
MRS,Marseille Provence Airport,"Marignane, Bouches-du-Rhône",FR,large,11483
MRU,Sir Seewoosagur Ramgoolam International Airport,Plaine Magnien,MU,large,11056
MRV,Mineralnye Vody Airport,Mineralnyye Vody,RU,large,12795
MRX,Mahshahr Airport,Mahshahr,IR,medium,8874
MRY,Monterey Regional Airport,Monterey,US,medium,7175
MRZ,Moree Airport,Moree,AU,medium,5292
MSJ,Misawa Airport / Misawa Air Base,Misawa,JP,medium,10000
MSL,Northwest Alabama Regional Airport,Muscle Shoals,US,medium,6693
MSN,Dane County Regional Truax Field,Madison,US,medium,9006
MSO,Missoula Montana Airport,Missoula,US,medium,9501
MSP,Minneapolis–Saint Paul International Airport / Wold–Chamberlain Field,Minneapolis,US,large,11006
MSQ,Minsk National Airport,Minsk,BY,large,12139
MSR,Muş Airport,Muş,TR,medium,11649
MSS,Massena International Airport Richards Field,Massena,US,medium,5601
MST,Maastricht Aachen Airport,Maastricht,NL,large,9022
MSU,Moshoeshoe I International Airport,Maseru(Mazenod),LS,large,10498
MSY,Louis Armstrong New Orleans International Airport,New Orleans,US,large,10104
MSZ,Welwitschia Mirabilis International Airport,Moçâmedes,AO,medium,8202
MTJ,Montrose Regional Airport,Montrose,US,medium,10000
MTR,Los Garzones Airport,Montería,CO,medium,7539
MTT,Minatitlán/Coatzacoalcos International Airport,Cosoleacaque,MX,medium,6890
MTY,Monterrey International Airport,Monterrey,MX,large,9843
MUA,Munda Airport,Munda,SB,medium,4593
MUB,Maun International Airport,Maun,BW,large,6562
MUC,Munich Airport,Munich,DE,large,13123
MUE,Waimea Kohala Airport,Waimea (Kamuela),US,medium,5197
MUH,Mersa Matruh International Airport,Marsa Matruh,EG,large,9843
MUN,José Tadeo Monagas International Airport,Maturín,VE,medium,6890
MUR,Marudi Airport,Marudi,MY,medium,3274
MUX,Multan International Airport,Multan,PK,large,12353
MVB,M'Vengue El Hadj Omar Bongo Ondimba International Airport,Franceville,GA,medium,10105
MVD,Carrasco General Cesáreo L. Berisso International Airport,Ciudad de la Costa,UY,large,10499
MVF,Dix-Sept Rosado Airport,Mossoró,BR,medium,6562
MVP,Fabio Alberto Leon Bentley Airport,Mitú,CO,medium,5889
MVQ,Mogilev Airport,Mogilev,BY,medium,8422
MVR,Salak Airport,Maroua,CM,medium,6890
MVT,Mataiva Airport,,PF,medium,3937
MWA,Veterans Airport of Southern Illinois,Marion,US,medium,8012
MWL,Mineral Wells Regional Airport,Mineral Wells,US,medium,5996
MWX,Muan International Airport,Muan (Piseo-ri),KR,large,9186
MWZ,Mwanza International Airport,Mwanza,TZ,large,10212
MXL,General Rodolfo Sánchez Taboada International Airport,Mexicali,MX,medium,8530
MXP,Milan Malpensa International Airport,Ferno (VA),IT,large,12861
MXV,Mörön Airport,Mörön,MN,medium,7874
MXX,Mora Airport,Mora,SE,medium,5951
MYA,Moruya Airport,Moruya,AU,medium,4997
MYD,Malindi International Airport,Malindi,KE,medium,4600
MYE,Miyakejima Airport,Miyakejima,JP,medium,4350
MYG,Mayaguana Airport,Abraham Bay Settlement,BS,medium,7297
MYJ,Matsuyama Airport,Matsuyama,JP,large,8200
MYL,McCall Municipal Airport,McCall,US,medium,6101
MYP,Mary International Airport,Mary,TM,medium,12467
MYQ,Mysore Airport,Mysore,IN,medium,5709
MYR,Myrtle Beach International Airport,Myrtle Beach,US,large,9503
MYT,Myitkyina Airport,Myitkyina,MM,medium,6100
MYU,Mekoryuk Airport,Mekoryuk,US,medium,3070
MYW,Mtwara Airport,Mtwara,TZ,medium,7410
MYY,Miri Airport,Miri,MY,medium,9006
MZG,Penghu Magong Airport,Huxi,TW,large,9843
MZH,Amasya Merzifon Airport,Amasya,TR,medium,9600
MZI,Mopti Airport,Sévaré,ML,medium,8340
MZL,La Nubia Airport,Manizales,CO,medium,4835
MZO,Sierra Maestra International Airport,Manzanillo,CU,medium,7875
MZQ,Mkuze Airport,Mkuze,ZA,medium,6070
MZR,Mazar-i-Sharif International Airport,Mazar-i-Sharif,AF,large,10437
MZS,Moradabad Airport,Moradabad,IN,medium,0
MZT,General Rafael Buelna International Airport,Mazatlàn,MX,large,8868
MZV,Mulu Airport,Mulu,MY,medium,4921
MZW,Mecheria Airport,Mecheria,DZ,medium,11780
NAA,Narrabri Airport,Narrabri,AU,medium,5000
NAG,Dr. Babasaheb Ambedkar International Airport,Nagpur,IN,large,10500
NAH,Naha Airport,"Tabukan Utara, Sangihe Islands",ID,medium,3597
NAJ,Nakhchivan International Airport,Nakhchivan,AZ,large,10826
NAL,Nalchik Airport,Nalchik,RU,medium,7218
NAM,Namniwel Airport,Namniwel,ID,medium,5249
NAN,Nadi International Airport,Nadi,FJ,large,10739
NAP,Naples International Airport,Napoli,IT,large,8622
NAQ,Qaanaaq Airport,Qaanaaq,GL,medium,3314
NAS,Lynden Pindling International Airport,Nassau,BS,large,11353
NAT,Rio Grande do Norte/São Gonçalo do Amarante–Governador Aluízio Alves International Airport,Natal,BR,large,9843
NAV,Nevşehir Kapadokya Airport,Nevşehir,TR,large,9842
NAW,Narathiwat Airport,,TH,medium,8202
NBC,Begishevo Airport,Nizhnekamsk,RU,medium,8209
NBE,Enfidha - Hammamet International Airport,Enfidha,TN,medium,10827
NBJ,Dr. Antonio Agostinho Neto International Airport,Luanda (Ícolo e Bengo),AO,large,13123
NBO,Jomo Kenyatta International Airport,Nairobi,KE,large,13507
NBS,Changbaishan Airport,Baishan,CN,medium,8530
NCA,North Caicos Airport,North Caicos,TC,medium,4245
NCE,Nice-Côte d'Azur Airport,"Nice, Alpes-Maritimes",FR,large,9721
NCL,Newcastle International Airport,"Newcastle upon Tyne, Tyne and Wear",GB,large,7644
NCU,Nukus International Airport,Nukus,UZ,large,9865
NCY,Annecy Meythet airport,Annecy,FR,medium,5348
NDB,Nouadhibou International Airport,Nouadhibou,MR,large,7961
NDC,Nanded Airport,Nanded,IN,medium,7546
NDG,Qiqihar Sanjiazi Airport,Qiqihar,CN,large,11811
NDJ,N'Djamena International Airport,N'Djamena,TD,large,9186
NDR,Nador Al Aaroui International Airport,Al Aaroui,MA,large,9842
NDU,Rundu Airport,Rundu,NA,medium,11004
NEC,Necochea Airport,Necochea,AR,medium,4921
NER,Chulman Airport,Neryungri,RU,medium,11811
NEV,Vance W. Amory International Airport,Charlestown,KN,medium,3996
NGB,Ningbo Lishe International Airport,Ningbo,CN,large,10499
NGE,N'Gaoundéré Airport,N'Gaoundéré,CM,medium,8858
NGO,Chubu Centrair International Airport,Tokoname,JP,large,11483
NGQ,Ngari Gunsa Airport,Shiquanhe,CN,medium,14764
NGS,Nagasaki Airport,Nagasaki,JP,large,9840
NHV,Nuku Hiva Airport,Nuku Hiva,PF,medium,5578
NIM,Diori Hamani International Airport,Niamey,NE,large,10499
NJC,Nizhnevartovsk Airport,Nizhnevartovsk,RU,large,10499
NJF,Al Najaf International Airport,Najaf,IQ,large,9842
NKC,Nouakchott–Oumtounsy International Airport,Nouakchott,MR,large,11155
NKG,Nanjing Lukou International Airport,Nanjing,CN,large,11811
NKM,Nagoya Airport / JASDF Komaki Air Base,Nagoya,JP,medium,8990
NKT,Şırnak Şerafettin Elçi Airport,Şırnak,TR,medium,9843
NLA,Simon Mwansa Kapwepwe International Airport,Ndola,ZM,large,11483
NLD,Quetzalcóatl International Airport,Nuevo Laredo,MX,medium,6562
NLH,Ninglang Luguhu Airport,Ninglang,CN,medium,11155
NLI,Nikolayevsk-na-Amure Airport,Nikolayevsk-na-Amure Airport,RU,medium,6233
NLK,Norfolk Island International Airport,Burnt Pine,NF,medium,6398
NLT,Xinyuan Nalati Airport,Xinyuan,CN,medium,7546
NLU,Felipe Ángeles International Airport,Mexico City,MX,large,14764
NMA,Namangan International Airport,Namangan,UZ,large,10698
NMF,Maafaru International Airport,Noonu Atoll,MV,medium,9350
NMI,Navi Mumbai International Airport,Navi Mumbai,IN,large,12139
NNG,Nanning Wuxu International Airport,Nanning (Jiangnan),CN,large,10499
NNM,Naryan Mar Airport,Naryan Mar,RU,medium,8202
NNT,Nan Airport,,TH,medium,6562
NOB,Nosara Airport,Nicoya,CR,medium,3281
NOC,Ireland West Airport Knock,Charlestown,IE,large,7546
NOJ,Noyabrsk Airport,Noyabrsk,RU,medium,8202
NOP,Sinop Airport,Sinop,TR,medium,6482
NOS,Nosy Be International Airport,Nosy Be,MG,large,7185
NOU,La Tontouta International Airport,Nouméa (La Tontouta),NC,large,10663
NOV,Albano Machado Airport,Huambo,AO,medium,8727
NOZ,Spichenkovo Airport,Novokuznetsk,RU,medium,8789
NPE,Hawke's Bay Airport,Napier,NZ,medium,5741
NPL,New Plymouth Airport,New Plymouth,NZ,medium,4298
NPO,Nanga Pinoh Airport,Nanga Pinoh-Borneo Island,ID,medium,3272
NPT,Newport State Airport,Newport,US,medium,2999
NQN,Presidente Perón International Airport,Neuquén,AR,large,8432
NQY,Cornwall Airport Newquay,Newquay,GB,medium,9003
NQZ,Nursultan Nazarbayev International Airport,Astana,KZ,large,11484
NRA,Narrandera Airport,Narrandera,AU,medium,5302
NRK,Norrköping Airport,Norrköping,SE,medium,7228
NRN,Weeze (Niederrhein) Airport,Weeze,DE,large,8005
NRR,José Aponte de la Torre Airport,Ceiba,PR,medium,11000
NRT,Narita International Airport,Narita,JP,large,13123
NSH,Nowshahr Airport,Nowshahr,IR,medium,6677
NSI,Yaoundé Nsimalen International Airport,Yaoundé,CM,large,11155
NSK,Alykel International Airport,Norilsk,RU,large,11254
NSN,Nelson Airport,Nelson,NZ,medium,4420
NST,Nakhon Si Thammarat Airport,Nakhon Si Thammarat,TH,medium,6890
NTE,Nantes Atlantique Airport,Nantes,FR,large,9514
NTG,Nantong Xingdong International Airport,Nantong (Tongzhou),CN,medium,11155
NTL,Newcastle Airport,Williamtown,AU,large,10033
NTN,Normanton Airport,Normanton,AU,medium,5499
NTQ,Noto Satoyama Airport,Wajima,JP,medium,6562
NTX,Ranai Airport,Ranai-Natuna Besar Island,ID,medium,8410
NUE,Nuremberg Airport,Nuremberg,DE,large,8858
NUI,Nuiqsut Airport,Nuiqsut,US,medium,4343
NUM,Neom Bay Airport,Sharma,SA,large,12326
NUX,Novy Urengoy Airport,Novy Urengoy,RU,medium,8366
NVA,Benito Salas Airport,Neiva,CO,medium,5880
NVI,Navoi International Airport,Navoi,UZ,medium,13123
NVT,Ministro Victor Konder International Airport,Navegantes,BR,large,5906
NWI,Norwich Airport,"Norwich, Norfolk",GB,medium,6043
NYA,Nyagan Airport,Nyagan,RU,medium,8307
NYI,Sunyani Airport,Sunyani,GH,medium,4594
NYK,Nanyuki Civil Airport,Gathiuru,KE,medium,3900
NYM,Nadym Airport,Nadym,RU,medium,8360
NYO,Stockholm Skavsta Airport,Nyköping,SE,large,9442
NYT,Nay Pyi Taw International Airport,Naypyitaw,MM,large,12000
NZC,Maria Reiche Neuman Airport,Nazca,PE,medium,3355
NZH,Manzhouli Xijiao Airport,Manzhouli,CN,medium,9186
NZL,Zhalantun Genghis Khan Airport,Zhalantun,CN,medium,8202
OAJ,Albert J Ellis Airport,Richlands,US,medium,7100
OAK,Oakland San Francisco Bay Airport,Oakland,US,large,10520
OAX,Xoxocotlán International Airport,Oaxaca,MX,large,8038
OBO,Tokachi-Obihiro Airport,Obihiro,JP,medium,8202
OCC,Francisco De Orellana Airport,Coca,EC,medium,6760
OCE,Ocean City Municipal Airport,Ocean City,US,medium,4074
OCJ,Ian Fleming International Airport,Boscobel,JM,medium,4769
OCS,Corisco International Airport,Corisco Island,GQ,large,10220
ODB,Córdoba Airport,Córdoba,ES,medium,7352
ODE,Odense Hans Christian Andersen Airport,Odense,DK,large,6053
OEC,Oecusse Route of the Sandalwood International Airport,Oecussi-Ambeno,TL,large,7218
OER,Örnsköldsvik Airport,Örnsköldsvik,SE,medium,6607
OGD,Ogden Hinckley Airport,Ogden,US,medium,8107
OGG,Kahului International Airport,Kahului,US,large,6998
OGL,Eugene F. Correia International Airport,Ogle,GY,medium,4201
OGN,Yonaguni Airport,Yonaguni,JP,medium,4920
OGS,Ogdensburg International Airport,Ogdensburg,US,medium,6400
OGU,Ordu–Giresun Airport,Ordu,TR,medium,9848
OGX,Ain Beida Airport,Ouargla,DZ,medium,10171
OGZ,Vladikavkaz Beslan International Airport,Beslan,RU,medium,9843
OHD,Ohrid St. Paul the Apostle Airport,Ohrid,MK,large,8366
OHE,Mohe Gulian Airport,Mohe,CN,medium,7218
OHO,Okhotsk Airport,Okhotsk,RU,medium,6562
OHS,Suhar International Airport,Suhar,OM,large,13173
OIM,Oshima Airport,Izu Oshima,JP,medium,5905
OIR,Okushiri Airport,Okushiri Island,JP,medium,4922
OIT,Oita Airport,Oita,JP,medium,9840
OKA,Naha International Airport,Naha,JP,large,9840
OKC,OKC Will Rogers World Airport,Oklahoma City,US,large,9802
OKD,Sapporo Okadama Airport,Sapporo,JP,medium,4920
OKE,Okinoerabu Airport,Wadomari,JP,medium,4430
OKI,Oki Global Geopark Airport,Okinoshima,JP,medium,6531
OKJ,Okayama Momotaro Airport,Okayama,JP,large,9843
OKL,Oksibil Airport,Oksibil,ID,medium,2854
OKY,Oakey Army Aviation Centre,,AU,medium,5410
OLA,Ørland Airport,Ørland,NO,medium,10755
OLB,Olbia Costa Smeralda Airport,Olbia (SS),IT,large,9006
OLF,L M Clayton Airport,Wolf Point,US,medium,5091
OLM,Olympia Regional Airport,Olympia,US,medium,5500
OLZ,Olyokminsk Airport,Olyokminsk,RU,medium,4265
OMA,Eppley Airfield,Omaha,US,large,9502
OMD,Oranjemund Airport,Oranjemund,NA,medium,5252
OME,Nome Airport,Nome,US,medium,6176
OMH,Urmia Airport,Urmia,IR,medium,10658
OMN,Zomin Airport,Zomin,UZ,medium,3937
OMO,Mostar International Airport,Mostar,BA,large,7874
OMR,Oradea International Airport,Oradea,RO,large,8267
OMS,Omsk Central Airport,Omsk,RU,large,9435
OND,Ondangwa Airport,Ondangwa,NA,medium,9800
ONJ,Odate Noshiro Airport,Kitaakita,JP,medium,6562
ONQ,Zonguldak Çaycuma Airport,Zonguldak,TR,medium,6991
ONT,Ontario International Airport,Ontario,US,large,12197
ONX,Enrique Adolfo Jimenez Airport,Colón,PA,medium,8858
OOL,Gold Coast Airport,Gold Coast,AU,large,8176
OOM,Cooma Snowy Mountains Airport,Cooma,AU,medium,6955
OPF,Miami-Opa Locka Executive Airport,Miami,US,medium,8002
OPO,Francisco de Sá Carneiro Airport,Porto,PT,large,11417
OPU,Balimo Airport,Balimo,PG,medium,0
ORB,Örebro Airport,Örebro,SE,medium,10728
ORD,Chicago O'Hare International Airport,Chicago,US,large,13000
ORF,Norfolk International Airport,Norfolk,US,large,9001
ORH,Worcester Regional Airport,Worcester,US,medium,7001
ORK,Cork International Airport,Cork,IE,large,6998
ORN,Oran Es-Sénia (Ahmed Ben Bella) International Airport,Es-Sénia,DZ,large,11811
ORT,Northway Airport,Northway,US,medium,5100
ORU,Juan Mendoza International Airport,Oruro,BO,large,8075
ORY,Paris-Orly Airport,"Paris (Orly, Val-de-Marne)",FR,large,11975
OSD,Åre Östersund Airport,Östersund,SE,medium,8202
OSI,Osijek Airport,Osijek(Klisa),HR,medium,8202
OSL,Oslo-Gardermoen International Airport,Oslo (Gardermoen),NO,large,11811
OSR,Leoš Janáček Airport Ostrava,Mošnov,CZ,large,11484
OSS,Osh International Airport,Osh,KG,large,10538
OST,Ostend-Bruges International Airport,Oostende,BE,large,10499
OSW,Orsk Airport,Orsk,RU,medium,9514
OTH,Southwest Oregon Regional Airport,North Bend,US,medium,5980
OTP,Bucharest Henri Coandă International Airport,Otopeni,RO,large,11484
OTZ,Ralph Wien Memorial Airport,Kotzebue,US,medium,6300
OUA,Ouagadougou Thomas Sankara International Airport,Ouagadougou,BF,large,9843
OUD,Oujda Angads Airport,Ahl Angad,MA,large,9843
OUL,Oulu Airport,Oulu / Oulunsalo,FI,large,8205
OUZ,Tazadit Airport,Zouérate,MR,medium,8202
OVB,Novosibirsk Tolmachevo Airport,Novosibirsk,RU,large,11818
OVD,Asturias Airport,Ranón,ES,large,7218
OVS,Sovetskiy Airport,Sovetskiy,RU,medium,8202
OWB,Owensboro Daviess County Airport,Owensboro,US,medium,8000
OXB,Osvaldo Vieira International Airport,Bissau,GW,large,10499
OYE,Oyem Airport,Oyem,GA,medium,5906
OZC,Labo Airport,Ozamiz,PH,medium,5720
OZG,Zagora Airport,Zagora,MA,large,0
OZZ,Ouarzazate International Airport,Ouarzazate,MA,large,9842
PAB,Bilaspur Airport,Bilaspur,IN,medium,5035
PAC,Marcos A. Gelabert International Airport,Albrook,PA,medium,5906
PAD,Paderborn Lippstadt Airport,Büren,DE,large,7152
PAE,Seattle Paine Field International Airport,Everett,US,medium,9010
PAG,Pagadian Airport,Pagadian,PH,medium,6574
PAH,Barkley Regional Airport,Paducah,US,medium,6499
PAP,Toussaint Louverture International Airport,Port-au-Prince,HT,large,9974
PAT,Jay Prakash Narayan Airport,Patna,IN,medium,6410
PAV,Paulo Afonso Airport,Paulo Afonso,BR,medium,5906
PAZ,El Tajín National Airport,Poza Rica,MX,medium,5906
PBC,Hermanos Serdán International Airport,Puebla,MX,large,11811
PBD,Porbandar Airport,Porbandar,IN,medium,4500
PBG,Plattsburgh International Airport,Plattsburgh,US,medium,11759
PBH,Paro International Airport,Paro,BT,large,7431
PBM,Johan Adolf Pengel International Airport,Paramaribo,SR,large,11417
PBO,Paraburdoo Airport,Paraburdoo,AU,medium,6995
PBR,Puerto Barrios Airport,Puerto Barrios,GT,medium,8880
PBU,Putao Airport,Putao,MM,medium,7002
PCL,Cap FAP David Abenzur Rengifo International Airport,Pucallpa,PE,large,9186
PCP,Principe Airport,São Tomé & Príncipe,ST,medium,4331
PCR,German Olano Airport,Puerto Carreño,CO,medium,5907
PDA,Obando Cesar Gaviria Trujillo Airport,Puerto Inírida,CO,medium,5910
PDG,Minangkabau International Airport,Padang (Katapiang),ID,large,9843
PDK,DeKalb Peachtree Airport,Atlanta,US,medium,6001
PDL,João Paulo II Airport,Ponta Delgada,PT,large,8192
PDO,Pendopo Airport,Talang Gudang-Sumatra Island,ID,medium,4265
PDP,Capitan Corbeta CA Curbelo International Airport,Punta del Este,UY,medium,6998
PDS,Piedras Negras International Airport,Piedras Negras,MX,medium,6655
PDT,Eastern Oregon Regional Airport at Pendleton,Pendleton,US,medium,6301
PDV,Plovdiv International Airport,Plovdiv,BG,large,8202
PDX,Portland International Airport,Portland,US,large,11000
PED,Pardubice Airport,Pardubice,CZ,large,8203
PEE,Perm International Airport,Perm,RU,large,10520
PEG,Perugia San Francesco d'Assisi – Umbria International Airport,Perugia (PG),IT,large,7215
PEI,Matecaña International Airport,Pereira,CO,medium,6627
PEK,Beijing Capital International Airport,Beijing,CN,large,12467
PEM,Padre Aldamiz International Airport,Puerto Maldonado,PE,medium,11482
PEN,Penang International Airport,Penang,MY,large,10997
PER,Perth International Airport,Perth,AU,large,11299
PES,Petrozavodsk Airport,Petrozavodsk,RU,medium,8202
PET,João Simões Lopes Neto International Airport,Pelotas,BR,medium,6496
PEV,Pécs-Pogány International Airport,Pécs,HU,large,4922
PEW,Bacha Khan International Airport,Peshawar,PK,large,9000
PEX,Pechora Airport,Pechora,RU,medium,5905
PEZ,Penza Airport,Penza,RU,medium,9155
PFB,Lauro Kurtz Airport,Passo Fundo,BR,medium,5512
PFO,Paphos International Airport,Paphos,CY,large,8858
PGA,Page Municipal Airport,Page,US,medium,5950
PGD,Punta Gorda Airport,Punta Gorda,US,medium,7193
PGF,Perpignan-Rivesaltes (Llabanère) Airport,Perpignan/Rivesaltes,FR,medium,8202
PGH,Pantnagar Airport,Pantnagar,IN,medium,4500
PGK,Depati Amir Airport,Pangkal Pinang,ID,medium,7382
PGU,Persian Gulf International Airport,Khiyaroo,IR,medium,13115
PGV,Pitt-Greenville Airport,Greenville,US,medium,7175
PGZ,Ponta Grossa Airport - Comandante Antonio Amilton Beraldo,Ponta Grossa,BR,medium,4692
PHB,Parnaíba - Prefeito Doutor João Silva Filho International Airport,Parnaíba,BR,medium,6890
PHC,Port Harcourt International Airport,Port Harcourt,NG,large,9843
PHE,Port Hedland International Airport,Port Hedland,AU,large,8202
PHF,Newport News Williamsburg International Airport,Newport News,US,medium,8003
PHG,Port Harcourt City Airport / Port Harcourt Air Force Base,Port Harcourt,NG,medium,6923
PHH,Pokhara International Airport,Pokhara,NP,large,8202
PHL,Philadelphia International Airport,Philadelphia,US,large,12000
PHS,Phitsanulok Airport,Phitsanulok,TH,medium,9843
PHW,Hendrik Van Eck Airport,Phalaborwa,ZA,medium,4491
PHX,Phoenix Sky Harbor International Airport,Phoenix,US,large,11489
PHY,Phetchabun Airport,,TH,medium,6890
PIA,General Wayne A. Downing Peoria International Airport,Peoria,US,medium,10104
PIB,Hattiesburg Laurel Regional Airport,Moselle,US,medium,6503
PIE,St. Petersburg Clearwater International Airport,Pinellas Park,US,large,9730
PIH,Pocatello Regional Airport,Pocatello,US,medium,9059
PIK,Glasgow Prestwick Airport,"Prestwick, South Ayrshire",GB,large,9800
PIR,Pierre Regional Airport,Pierre,US,medium,6900
PIS,Poitiers-Biard Airport,Poitiers/Biard,FR,medium,7710
PIT,Pittsburgh International Airport,Pittsburgh,US,large,11500
PIU,PAF Captain Guillermo Concha Iberico International Airport,Piura,PE,medium,8202
PIX,Pico Airport,Pico Island,PT,medium,5725
PIZ,Point Lay LRRS Airport,Point Lay,US,medium,3519
PJM,Puerto Jimenez Airport,Puerto Jimenez,CR,medium,2707
PKB,Mid Ohio Valley Regional Airport,Parkersburg (Williamstown),US,medium,7240
PKC,Yelizovo Airport,Petropavlovsk-Kamchatsky,RU,large,11155
PKE,Parkes Airport,Parkes,AU,medium,5525
PKR,Pokhara Domestic Airport,Pokhara,NP,medium,4720
PKU,Sultan Syarif Kasim II International Airport / Roesmin Nurjadin AFB,Pekanbaru,ID,medium,7360
PKV,Princess Olga Pskov International Airport,Pskov,RU,medium,8281
PKX,Beijing Daxing International Airport,Beijing,CN,large,12467
PKY,Tjilik Riwut Airport,Palangkaraya,ID,medium,8202
PKZ,Pakse International Airport,Pakse,LA,large,7874
PLJ,Placencia Airport,Placencia,BZ,medium,2133
PLM,Sultan Mahmud Badaruddin II Airport,Palembang,ID,medium,8202
PLN,Pellston Regional Airport of Emmet County Airport,Pellston,US,medium,6513
PLO,Port Lincoln Airport,Port Lincoln,AU,medium,4918
PLQ,Palanga International Airport,Palanga,LT,large,7480
PLS,Providenciales International Airport,Providenciales,TC,large,9199
PLW,Mutiara - SIS Al-Jufrie Airport,Palu,ID,medium,6781
PLX,Semei International Airport,Semey,KZ,large,10159
PLZ,Chief Dawid Stuurman International Airport,Gqeberha (Port Elizabeth),ZA,large,7087
PMC,El Tepual International Airport,Puerto Montt,CL,large,8694
PMF,Parma Airport,Parma (PR),IT,medium,6962
PMG,Ponta Porã Airport,Ponta Porã,BR,medium,6562
PMI,Palma de Mallorca Airport,Palma de Mallorca,ES,large,10728
PMO,Falcone–Borsellino Airport,Palermo,IT,large,10912
PMQ,Perito Moreno Jalil Hamer Airport,Perito Moreno,AR,medium,5577
PMR,Palmerston North Airport,Palmerston North,NZ,medium,6240
PMV,Del Caribe Santiago Mariño International Airport,Isla Margarita,VE,large,10433
PMW,Brigadeiro Lysias Rodrigues Airport,Palmas,BR,medium,8202
PMY,El Tehuelche Airport,Puerto Madryn,AR,medium,8202
PNA,Pamplona Airport,Pamplona,ES,medium,7241
PNI,Pohnpei International Airport,Pohnpei Island,FM,medium,6600
PNK,Supadio International Airport,Pontianak,ID,large,7380
PNL,Pantelleria Airport,Pantelleria (TP),IT,medium,5495
PNP,Girua Airport,Popondetta,PG,medium,5485
PNQ,Pune International Airport,Pune,IN,large,10000
PNR,Antonio Agostinho-Neto International Airport,Pointe Noire,CG,large,8530
PNS,Pensacola International Airport,Pensacola,US,large,7004
PNT,Lieutenant Julio Gallardo Airport,Puerto Natales,CL,medium,5786
PNY,Pondicherry Airport,Puducherry (Pondicherry),IN,medium,4921
PNZ,Senador Nilo Coelho Airport,Petrolina,BR,medium,9055
POA,Porto Alegre-Salgado Filho International Airport,Porto Alegre,BR,large,10499
POG,Port Gentil International Airport,Port Gentil,GA,large,6234
POL,Pemba Airport,Pemba,MZ,medium,5905
POM,Port Moresby Jacksons International Airport,Port Moresby,PG,large,9022
POP,Gregorio Luperon International Airport,Puerto Plata,DO,medium,10108
POR,Pori Airport,Pori,FI,medium,7713
POS,Piarco International Airport,Port of Spain,TT,large,10500
POZ,Poznań-Ławica Airport,Poznań,PL,large,8215
PPB,Presidente Prudente Airport,Presidente Prudente,BR,medium,6923
PPG,Pago Pago International Airport,Pago Pago,AS,large,10000
PPK,Petropavl International Airport,Petropavl,KZ,large,8190
PPN,Guillermo León Valencia Airport,Popayán,CO,medium,6266
PPP,Proserpine Whitsunday Coast Airport,Proserpine,AU,medium,6801
PPS,Puerto Princesa International Airport / PAF Antonio Bautista Air Base,Puerto Princesa,PH,large,8530
PPT,Fa'a'ā International Airport,Papeete,PF,large,11360
PQC,Phú Quốc International Airport,Phu Quoc Island,VN,large,10827
PQI,Presque Isle International Airport,Presque Isle,US,medium,7441
PQQ,Port Macquarie Airport,Port Macquarie,AU,medium,5203
PRA,General Urquiza Airport,Parana,AR,medium,6890
PRC,Prescott Regional Airport - Ernest A. Love Field,Prescott,US,medium,7619
PRG,Václav Havel Airport Prague,Prague,CZ,large,12189
PRI,Praslin Island Airport,Praslin Island,SC,medium,4318
PRM,Portimão Airport,Portimão,PT,medium,2822
PRN,Priština Adem Jashari International Airport,Prishtina,XK,large,9974
PSA,Pisa International Airport,Pisa (PI),IT,large,9820
PSC,Tri Cities Airport,Pasco,US,medium,7707
PSD,Port Said International Airport,Port Said,EG,large,7707
PSE,Mercedita International Airport,Ponce,PR,medium,6904
PSG,Petersburg James A Johnson Airport,Petersburg,US,medium,6400
PSM,Portsmouth International Airport at Pease,Portsmouth,US,medium,11321
PSO,Antonio Nariño Airport,Chachagüí,CO,medium,7585
PSP,Palm Springs International Airport,Palm Springs,US,large,10000
PSR,Abruzzo Airport,Pescara,IT,large,7933
PSS,Libertador Gral D Jose De San Martin Airport,Posadas,AR,medium,7388
PSU,Pangsuma Airport,Putussibau-Borneo Island,ID,medium,3294
PSZ,Capitán Av. Salvador Ogaya G. airport,Puerto Suárez,BO,medium,6562
PTG,Polokwane International Airport,Polokwane,ZA,large,8400
PTH,Port Heiden Airport,Port Heiden,US,medium,5000
PTJ,Portland Airport,,AU,medium,5302
PTP,Maryse Condé International Airport,Pointe-à-Pitre,GP,large,11499
PTU,Platinum Airport,Platinum,US,medium,5000
PTY,Tocumen International Airport,Tocumen,PA,large,10006
PUB,Pueblo Memorial Airport,Pueblo,US,medium,10498
PUD,Puerto Deseado Airport,Puerto Deseado,AR,medium,4921
PUF,Pau Pyrénées Airport,Pau/Pyrénées (Uzein),FR,medium,8202
PUG,Port Augusta Airport,,AU,medium,5413
PUJ,Punta Cana International Airport,Punta Cana,DO,large,10171
PUQ,President Carlos Ibáñez International Airport,Punta Arenas,CL,large,9154
PUS,Gimhae International Airport,Busan,KR,large,10499
PUU,Tres De Mayo Airport,Puerto Asís,CO,medium,5331
PUW,Pullman-Moscow Regional Airport,Pullman,US,medium,7100
PUY,Pula Airport,Pula,HR,large,9678
PUZ,Puerto Cabezas Airport,Puerto Cabezas,NI,medium,8130
PVA,El Embrujo Airport,Providencia,CO,medium,3832
PVD,Rhode Island T. F. Green International Airport,Providence/Warwick,US,large,8700
PVG,Shanghai Pudong International Airport,Shanghai (Pudong),CN,large,13123
PVH,Governador Jorge Teixeira de Oliveira International Airport,Porto Velho,BR,large,7874
PVK,Aktion National Airport,Preveza,GR,medium,9419
PVR,Puerto Vallarta International Airport,Puerto Vallarta,MX,large,10171
PVU,Provo Municipal Airport,Provo,US,medium,8603
PWE,Pevek Airport,Apapelgino,RU,medium,8202
PWM,Portland International Jetport,Portland,US,large,7200
PWQ,Pavlodar International Airport,Pavlodar,KZ,large,8202
PXM,Puerto Escondido International Airport,Puerto Escondido,MX,medium,7546
PXO,Porto Santo Airport,Vila Baleira,PT,medium,9861
PXR,Surin Airport,Surin,TH,medium,5053
PXU,Pleiku Airport,Pleiku,VN,medium,7874
PYJ,Polyarny Airport,Yakutia,RU,medium,10170
PYK,Payam International Airport,Karaj,IR,large,12005
PZB,Pietermaritzburg Airport,Pietermaritzburg,ZA,medium,5043
PZH,Zhob Airport,Fort Sandeman,PK,medium,6001
PZI,Panzhihua Bao'anying Airport,Panzhihua (Renhe),CN,medium,9186
PZO,General Manuel Carlos Piar International Airport,Guyana City,VE,large,6726
PZU,Port Sudan New International Airport,Port Sudan,SD,large,8202
QBC,Bella Coola Airport,Bella Coola,CA,medium,4200
QOW,Sam Mbakwe International Cargo Airport,Owerri,NG,medium,8858
QRO,Querétaro Intercontinental Airport,Querétaro,MX,large,11483
QRW,Warri Airport,Okpe,NG,medium,6868
QSF,Ain Arnat Airport,Sétif,DZ,medium,9498
QSR,Salerno Costa d'Amalfi Airport,Salerno,IT,medium,6437
QSZ,Shache Airport,Shache,CN,medium,9842
QUO,Akwa Ibom International Airport,Uyo,NG,medium,11811
RAB,Tokua Airport,Kokopo,PG,medium,5643
RAE,Arar Domestic Airport,Arar,SA,medium,10007
RAH,Rafha Domestic Airport,Rafha,SA,medium,9834
RAI,Nelson Mandela International Airport,Praia,CV,large,6890
RAK,Marrakesh Menara Airport,Marrakesh,MA,large,10170
RAO,Leite Lopes Airport,Ribeirão Preto,BR,medium,6890
RAP,Rapid City Regional Airport,Rapid City,US,medium,8701
RAR,Rarotonga International Airport,Avarua,CK,large,7638
RAS,Sardar-e-Jangal Airport,Rasht,IR,medium,9571
RBA,Rabat-Salé Airport,Rabat,MA,large,11483
RBR,Rio Branco-Plácido de Castro International Airport,Rio Branco,BR,large,7080
RBY,Ruby Airport,Ruby,US,medium,4000
RCB,Richards Bay Airport,Richards Bay,ZA,medium,4265
RCH,Almirante Padilla Airport,Riohacha,CO,medium,5413
RDD,Redding Municipal Airport,Redding,US,medium,7003
RDM,Roberts Field,Redmond,US,medium,7038
RDO,Warsaw Radom Airport,Radom,PL,medium,8202
RDP,Kazi Nazrul Islam Airport,Durgapur,IN,medium,9186
RDU,Raleigh-Durham International Airport,Raleigh/Durham,US,large,10000
RDZ,Rodez–Aveyron Airport,Rodez/Marcillac,FR,medium,6693
REC,Recife/Guararapes - Gilberto Freyre International Airport,Recife,BR,large,9865
REG,Reggio Calabria Airport,Reggio Calabria,IT,medium,6549
REL,Almirante Marco Andres Zar Airport,Rawson,AR,medium,8399
REN,Orenburg Central Airport,Orenburg,RU,medium,8212
RER,Retalhuleu Airport,Retalhuleu,GT,medium,5065
RES,Resistencia International Airport,Resistencia,AR,large,9088
REU,Reus Airport,Reus,ES,large,8054
REW,"Rewa Airport, Chorhata, REWA",Rewa,IN,medium,4593
REX,General Lucio Blanco International Airport,Reynosa,MX,medium,6243
RFD,Chicago Rockford International Airport,Chicago/Rockford,US,medium,10002
RFP,Raiatea Airport,Uturoa,PF,medium,4593
RGA,Gobernador Ramón Trejo Noel International Airport,Rio Grande,AR,medium,6562
RGI,Rangiroa Airport,,PF,medium,6890
RGL,Piloto Civil Norberto Fernández International Airport,Rio Gallegos,AR,large,9022
RGN,Yangon International Airport,Yangon,MM,large,11200
RGO,Orang (Chongjin) Airport,Hoemun-ri,KP,medium,8202
RHD,Termas de Río Hondo international Airport,Termas de Río Hondo,AR,medium,8232
RHI,Rhinelander Oneida County Airport,Rhinelander,US,medium,6800
RHO,"Rhodes International Airport ""Diagoras""",Rhodes,GR,large,10846
RIA,Santa Maria Airport,Santa Maria,BR,medium,8839
RIB,Capitán Av. Selin Zeitun Lopez Airport,Riberalta,BO,medium,5906
RIC,Richmond International Airport,Richmond,US,large,9003
RIS,Rishiri Airport,Rishiri,JP,medium,5906
RIW,Central Wyoming Regional Airport,Riverton,US,medium,8204
RIX,Riga International Airport,Riga,LV,large,10499
RIY,Riyan International Airport,Mukalla(Riyan),YE,large,9843
RIZ,Rizhao Shanzihe Airport,Rizhao (Donggang),CN,medium,8530
RJA,Rajahmundry Airport,Madhurapudi,IN,medium,10384
RJH,Shah Makhdum Airport,Rajshahi,BD,medium,6000
RJK,Rijeka Airport,Rijeka(Omišalj),HR,large,8164
RJL,Logroño-Agoncillo Airport,Logroño,ES,medium,7218
RJN,Rafsanjan Airport,Rafsanjan,IR,medium,9814
RKD,Knox County Regional Airport,Rockland,US,medium,5412
RKE,Copenhagen Roskilde Airport,Roskilde,DK,medium,5709
RKS,Southwest Wyoming Regional Airport,Rock Springs,US,medium,10002
RKT,Ras Al Khaimah International Airport,Ras Al Khaimah,AE,large,12336
RKV,Reykjavík Domestic Airport,Reykjavík,IS,medium,5138
RKZ,Xigaze Peace Airport / Shigatse Air Base,Xigazê (Samzhubzê),CN,large,16404
RLG,Rostock-Laage Airport,Laage,DE,medium,8202
RLK,Bayannur Tianjitai Airport,Bayannur,CN,medium,8530
RMA,Roma Airport,Roma,AU,medium,4934
RMF,Marsa Alam International Airport,Marsa Alam,EG,large,11253
RMI,Federico Fellini International Airport,Rimini (RN),IT,large,9828
RML,Colombo Ratmalana International Airport,Colombo,LK,large,6013
RMO,Chişinău International Airport,Chişinău,MD,large,11778
RMQ,Taichung International Airport / Ching Chuang Kang Air Base,Taichung (Qingshui),TW,large,12000
RMU,Region of Murcia International Airport,Corvera,ES,large,9842
RMZ,Tobolsk Remezov Airport,Tobolsk,RU,medium,7875
RNB,Ronneby Airport,Ronneby,SE,medium,7648
RNJ,Yoron Airport,Yoron,JP,medium,4340
RNN,Bornholm Airport,Rønne,DK,medium,6568
RNO,Reno Tahoe International Airport,Reno,US,large,11001
RNS,Rennes-Saint-Jacques Airport,"Saint-Jacques-de-la-Lande, Ille-et-Vilaine",FR,medium,6890
ROA,Roanoke–Blacksburg Regional Airport,Roanoke,US,medium,6800
ROB,Roberts International Airport,Monrovia,LR,large,11000
ROC,Frederick Douglass Greater Rochester International Airport,Rochester,US,large,8001
ROI,Roi Et Airport,Roi Et,TH,medium,6890
ROK,Rockhampton Airport,Rockhampton,AU,medium,8622
ROO,Maestro Marinho Franco Airport,Rondonópolis,BR,medium,6070
ROP,Rota International Airport,Rota Island,MP,large,6000
ROR,Roman Tmetuchl International Airport,Babelthuap Island,PW,large,7200
ROS,Rosario Islas Malvinas International Airport,Rosario,AR,large,9842
ROT,Rotorua Regional Airport,Rotorua,NZ,medium,5321
ROW,Roswell Air Center Airport,Roswell,US,medium,13000
RPR,Swami Vivekananda Airport,Raipur,IN,medium,6414
RQA,Ruoqiang Loulan Airport,Ruoqiang Town,CN,medium,9186
RRG,Sir Charles Gaetan Duval Airport,Port Mathurin,MU,medium,4223
RRS,Røros Airport,Røros,NO,medium,5643
RSA,Santa Rosa Airport,Santa Rosa,AR,medium,7546
RSD,Rock Sound International Airport,Rock Sound,BS,medium,7213
RSI,Red Sea International Airport,Hanak,SA,large,12139
RST,Rochester International Airport,Rochester,US,medium,9034
RSU,Yeosu Airport,Yeosu,KR,medium,6890
RSW,Southwest Florida International Airport,Fort Myers,US,large,12000
RTB,Juan Manuel Gálvez International Airport,Coxen Hole,HN,large,7349
RTM,Rotterdam The Hague Airport,Rotterdam,NL,large,7218
RUA,Arua Airport,Arua,UG,medium,5600
RUH,King Khalid International Airport,Riyadh,SA,large,13796
RUN,Roland Garros Airport,Sainte-Marie,RE,large,10499
RUR,Rurutu Airport,,PF,medium,4757
RUT,Rutland - Southern Vermont Regional Airport,Rutland,US,medium,5304
RVK,"Rørvik Airport, Ryum",Rørvik,NO,medium,2887
RVN,Rovaniemi Airport,Rovaniemi,FI,large,9849
RVY,Pres. Gral. Óscar D. Gestido Binational Airport,Rivera/Santana do Livramento,UY,medium,6004
RXS,Roxas Airport,Roxas City,PH,medium,6201
RYK,Shaikh Zaid Airport,Rahim Yar Khan,PK,medium,9842
RZE,Rzeszów-Jasionka Airport,Jasionka,PL,large,10498
RZR,Ramsar Airport,Ramsar,IR,medium,7448
RZV,Rize–Artvin Airport,Rize,TR,medium,9843
SAB,Juancho E. Yrausquin Airport,Zion's Hill,BQ,medium,1312
SAF,Santa Fe Municipal Airport,Santa Fe,US,medium,8366
SAG,Shirdi International Airport,Kakadi,IN,large,8202
SAH,Sanaa International Airport,Sanaa,YE,large,10669
SAI,Siem Reap-Angkor International Airport,Siem Reap,KH,large,11827
SAL,El Salvador International Airport Saint Óscar Arnulfo Romero y Galdámez,San Salvador (San Luis Talpa),SV,large,10500
SAN,San Diego International Airport,San Diego,US,large,9401
SAP,Ramón Villeda Morales International Airport,San Pedro Sula,HN,large,9203
SAQ,San Andros Airport,Andros Island,BS,medium,5025
SAT,San Antonio International Airport,San Antonio,US,large,8505
SAV,Savannah Hilton Head International Airport,Savannah,US,large,9351
SAW,Istanbul Sabiha Gökçen International Airport,"Pendik, Istanbul",TR,large,11614
SBA,Santa Barbara Municipal Airport,Santa Barbara,US,medium,6037
SBD,San Bernardino International Airport,San Bernardino,US,large,10000
SBH,St. Jean Airport,Gustavia,BL,medium,2119
SBN,South Bend International Airport,South Bend,US,medium,8412
SBP,San Luis County Regional Airport,San Luis Obispo,US,medium,6101
SBT,Sabetta International Airport,Sabetta,RU,medium,8858
SBW,Sibu Airport,Sibu,MY,medium,9036
SBY,Salisbury Ocean City Wicomico Regional Airport,Salisbury,US,medium,6400
SBZ,Sibiu International Airport,Sibiu,RO,large,8629
SCC,Deadhorse Airport,Deadhorse,US,medium,6500
SCE,State College Regional Airport,State College,US,medium,6701
SCK,Stockton Metropolitan Airport,Stockton,US,medium,10245
SCL,Comodoro Arturo Merino Benítez International Airport,Santiago,CL,large,12303
SCN,Saarbrücken Airport,Saarbrücken,DE,medium,6562
SCO,Aktau International Airport,Aktau,KZ,large,10013
SCQ,Santiago-Rosalía de Castro Airport,Santiago de Compostela,ES,large,10499
SCR,Scandinavian Mountains Airport,Malung-Sälen,SE,large,8202
SCT,Socotra Airport,Mori,YE,medium,10827
SCU,Antonio Maceo International Airport,Santiago,CU,large,13130
SCV,Suceava Ștefan cel Mare International Airport,Suceava,RO,large,8070
SCW,Syktyvkar Airport,Syktyvkar,RU,medium,8203
SDD,Lubango Mukanka International Airport,Lubango,AO,medium,10335
SDE,Vicecomodoro Angel D. La Paz Aragonés Airport,Santiago del Estero,AR,medium,7946
SDF,Louisville Muhammad Ali International Airport,Louisville,US,large,11887
SDG,Sanandaj Airport,,IR,medium,8660
SDJ,Sendai Airport,Natori,JP,large,9842
SDK,Sandakan Airport,Sandakan,MY,medium,8202
SDL,Sundsvall-Härnösand Airport,Sundsvall/ Härnösand,SE,medium,6857
SDP,Sand Point Airport,Sand Point,US,medium,4000
SDQ,Las Américas International Airport,Santo Domingo,DO,large,11000
SDR,Seve Ballesteros-Santander Airport,Santander,ES,medium,7612
SDS,Sado Airport,Sado,JP,medium,3390
SDU,Santos Dumont Airport,Rio de Janeiro,BR,large,4341
SDW,Sindhudurg Airport,Chipi,IN,medium,8202
SDY,Sidney - Richland Regional Airport,Sidney,US,medium,5705
SEA,Seattle–Tacoma International Airport,Seattle,US,large,11901
SEB,Sabha Airport,Sabha,LY,medium,11778
SEK,Srednekolymsk Airport,Srednekolymsk,RU,medium,5906
SEN,London Southend Airport,"Southend-on-Sea, Essex",GB,medium,6089
SEZ,Seychelles International Airport,Victoria,SC,large,9800
SFA,Sfax Thyna International Airport,Sfax,TN,medium,9843
SFB,Orlando Sanford International Airport,Orlando,US,large,11002
SFG,Grand Case-l'Espérance Airport,Grand Case,MF,medium,3937
SFJ,Kangerlussuaq International Airport,Kangerlussuaq,GL,medium,9219
SFN,Sauce Viejo Airport,Santa Fe,AR,medium,7628
SFO,San Francisco International Airport,San Francisco,US,large,11870
SFS,Subic Bay International Airport / Naval Air Station Cubi Point,Olongapo,PH,large,9003
SFT,Skellefteå Airport,Skellefteå,SE,medium,8268
SGC,Surgut International Airport,Surgut,RU,large,9154
SGD,Sønderborg Airport,Sønderborg,DK,medium,5895
SGF,Springfield Branson National Airport,Springfield,US,medium,8000
SGN,Tan Son Nhat International Airport,Ho Chi Minh City,VN,large,12468
SGU,St George Regional Airport,St George,US,medium,9300
SHA,Shanghai Hongqiao International Airport,Shanghai (Minhang),CN,large,11154
SHB,Nakashibetsu Airport,Nakashibetsu,JP,medium,6560
SHD,Shenandoah Valley Regional Airport,Weyers Cave,US,medium,6002
SHE,Shenyang Taoxian International Airport,Shenyang,CN,large,10499
SHI,Shimojishima Airport,Miyakojima,JP,medium,9842
SHJ,Sharjah International Airport,Sharjah,AE,large,13320
SHL,Shillong Airport,Shillong,IN,medium,6000
SHM,Nanki Shirahama Airport,Shirahama,JP,medium,6560
SHO,King Mswati III International Airport,Mpaka,SZ,large,11811
SHR,Sheridan County Airport,Sheridan,US,medium,8301
SHS,Jingzhou Shashi Airport,Jingzhou (Shashi),CN,medium,8530
SHV,Shreveport Regional Airport,Shreveport,US,medium,8348
SHW,Sharurah Domestic Airport,Sharurah,SA,medium,11975
SID,Amílcar Cabral International Airport,Espargos,CV,large,10760
SIG,Fernando Luis Ribas Dominicci Airport,San Juan,PR,medium,5317
SIN,Singapore Changi Airport,Singapore,SG,large,13123
SIS,Sishen Airport,Sishen,ZA,medium,5709
SIT,Sitka Rocky Gutierrez Airport,Sitka,US,medium,7200
SJC,Mineta San Jose International Airport,San Jose,US,large,11000
SJD,Los Cabos International Airport,San José del Cabo,MX,large,9843
SJE,Jorge E. Gonzalez Torres Airport,San José Del Guaviare,CO,medium,4897
SJI,San Jose Airport,San Jose,PH,medium,6024
SJJ,Sarajevo International Airport,Sarajevo,BA,large,8666
SJK,Professor Urbano Ernesto Stumpf Airport,São José Dos Campos,BR,medium,8780
SJL,São Gabriel da Cachoeira Airport,São Gabriel da Cachoeira,BR,medium,8530
SJO,Juan Santamaría International Airport,San José (Alajuela),CR,large,9882
SJP,Prof. Eribelto Manoel Reino State Airport,São José do Rio Preto,BR,medium,5381
SJT,San Angelo Regional Mathis Field,San Angelo,US,medium,8054
SJU,Luis Munoz Marin International Airport,San Juan,PR,large,10002
SJW,Shijiazhuang Zhengding International Airport,Shijiazhuang,CN,large,11155
SJZ,São Jorge Airport,Velas,PT,medium,4633
SKB,Robert L. Bradshaw International Airport,Basseterre,KN,large,7602
SKD,Samarkand International Airport,Samarkand,UZ,large,10187
SKG,Thessaloniki Macedonia International Airport,Thessaloniki,GR,large,11286
SKN,"Stokmarknes Airport, Skagen",Hadsel,NO,medium,3031
SKO,Sadiq Abubakar III International Airport,Sokoto,NG,large,9844
SKP,Skopje International Airport,Ilinden,MK,large,9678
SKT,Sialkot International Airport,Sialkot,PK,large,11811
SKX,Saransk International Airport,Saransk,RU,large,9186
SKZ,Begum Nusrat Bhutto International Airport Sukkur,Sukkur,PK,medium,9000
SLA,Martín Miguel de Güemes International Airport,Salta,AR,large,9842
SLC,Salt Lake City International Airport,Salt Lake City,US,large,12002
SLD,Sliač Airport,Sliač,SK,medium,7874
SLE,Salem-Willamette Valley Airport/McNary Field,Salem,US,medium,5811
SLK,Adirondack Regional Airport,Saranac Lake,US,medium,6573
SLL,Salalah International Airport,Salalah,OM,large,13123
SLM,Salamanca Airport,Salamanca,ES,medium,8245
SLN,Salina Municipal Airport,Salina,US,medium,12301
SLP,Ponciano Arriaga International Airport,San Luis Potosí,MX,medium,9867
SLU,George F. L. Charles Airport,Castries,LC,medium,5735
SLW,Plan de Guadalupe International Airport,Saltillo,MX,medium,9506
SLY,Salekhard Airport,Salekhard,RU,medium,8917
SLZ,Marechal Cunha Machado International Airport,São Luís,BR,large,7828
SMA,Santa Maria Airport,Vila do Porto,PT,medium,10000
SMF,Sacramento International Airport,Sacramento,US,large,8605
SMI,Samos Airport,Samos Island,GR,medium,6706
SML,Stella Maris Airport,Stella Maris,BS,medium,4000
SMN,Lemhi County Airport,Salmon,US,medium,5510
SMR,Simón Bolívar International Airport,Santa Marta,CO,medium,5577
SMS,Sainte Marie Airport,Vohilava,MG,medium,3451
SMW,Smara Airport,Smara,EH,medium,9843
SMX,Santa Maria Public Airport Captain G Allan Hancock Field,Santa Maria,US,medium,8004
SNA,John Wayne Orange County International Airport,Santa Ana,US,large,5700
SNB,Snake Bay Airport,Milikapiti,AU,medium,4734
SNC,General Ulpiano Paez International Airport,Salinas/La Libertad,EC,large,8629
SNE,Preguiça Airport,Preguiça,CV,medium,4593
SNN,Shannon Airport,Shannon,IE,large,10495
SNO,Sakon Nakhon Airport,,TH,medium,8530
SNP,St Paul Island Airport,St Paul Island,US,medium,6500
SNU,Abel Santamaria International Airport,Santa Clara,CU,large,9898
SNV,Santa Elena de Uairén Airport,Santa Elena de Uairén,VE,medium,5445
SNW,Thandwe Airport,Thandwe,MM,medium,5502
SOB,Hévíz–Balaton Airport,Sármellék,HU,medium,8202
SOC,Adisoemarmo International Airport,Surakarta,ID,large,8530
SOF,Sofia Airport,Sofia,BG,large,11811
SOJ,Sørkjosen Airport,Sørkjosen,NO,medium,3015
SOM,San Tomé Airport,El Tigre,VE,medium,6299
SON,Santo Pekoa International Airport,Luganville,VU,medium,6523
SOQ,Domine Eduard Osok Airport,Sorong,ID,medium,6070
SOU,Southampton Airport,Southampton,GB,medium,6191
SOW,Show Low Regional Airport,Show Low,US,medium,7202
SPC,La Palma Airport,"Sta Cruz de la Palma, La Palma Island",ES,medium,7218
SPD,Saidpur Airport,Saidpur,BD,medium,6000
SPI,Abraham Lincoln Capital Airport,Springfield,US,medium,8001
SPN,Saipan International Airport,"I Fadang, Saipan",MP,medium,8700
SPP,Menongue Airport,Menongue,AO,medium,11483
SPR,John Greif II Airport,San Pedro,BZ,medium,0
SPS,Wichita Falls Municipal Airport / Sheppard Air Force Base,Wichita Falls,US,medium,13100
SPU,Split Saint Jerome Airport,Split,HR,large,8366
SPX,Sphinx International Airport,Al Jiza,EG,large,11975
SPY,San Pedro Airport,,CI,medium,6234
SQD,Shangrao Sanqingshan Airport,Shangrao (Hengfeng),CN,medium,7874
SQG,Tebelian Airport,Sintang,ID,medium,0
SQJ,Sanming Shaxian Airport,Sanming (Sha),CN,medium,8530
SQL,San Carlos Airport,San Carlos,US,medium,2621
SRE,Alcantarí International Airport,Sucre,BO,large,11811
SRG,Jenderal Ahmad Yani Airport,Semarang,ID,large,8399
SRP,"Stord Airport, Sørstokken",Leirvik,NO,medium,3937
SRQ,Sarasota Bradenton International Airport,Sarasota/Bradenton,US,large,9500
SRT,Soroti Airport,Soroti,UG,medium,6100
SRY,Sari Dasht-e Naz International Airport,Sari,IR,medium,8688
SRZ,El Trompillo Airport,Santa Cruz,BO,medium,9098
SSA,Deputado Luiz Eduardo Magalhães International Airport,Salvador,BR,large,9859
SSG,Malabo International Airport,Malabo,GQ,large,9647
SSH,Sharm El Sheikh International Airport,Sharm El Sheikh,EG,large,10108
SSJ,"Sandnessjøen Airport, Stokka",Alstahaug,NO,medium,4619
SST,Santa Teresita Airport,Santa Teresita,AR,medium,4921
SSY,Mbanza Congo Airport,Mbanza Congo,AO,medium,5905
STC,Saint Cloud Regional Airport,Saint Cloud,US,medium,7500
STD,Mayor Buenaventura Vivas International Airport,Santo Domingo,VE,medium,9990
STG,St George Airport,St George,US,medium,4982
STI,Cibao International Airport,Santiago,DO,large,8595
STL,St. Louis Lambert International Airport,St Louis,US,large,11020
STM,Santarém - Maestro Wilson Fonseca International Airport,Santarém,BR,medium,7874
STN,London Stansted Airport,"London, Essex",GB,large,10003
STR,Stuttgart Airport,Stuttgart,DE,large,10974
STS,Charles M. Schulz Sonoma County Airport,Santa Rosa,US,medium,6000
STT,Cyril E. King Airport,Charlotte Amalie,VI,large,7000
STV,Surat International Airport,Surat,IN,large,9530
STW,Stavropol Shpakovskoye Airport,Stavropol,RU,medium,8530
STX,Henry E. Rohlsen Airport,Christiansted,VI,medium,10002
SUB,Juanda International Airport,Surabaya,ID,large,9843
SUF,Lamezia Terme Sant'Eufemia International Airport,Lamezia Terme (CZ),IT,large,9898
SUG,Surigao Airport,Surigao City,PH,medium,5603
SUI,Vladislav Ardzinba Sukhum International Airport,Sukhumi,GE,medium,12012
SUJ,Satu Mare International Airport,Satu Mare,RO,medium,8160
SUN,Friedman Memorial Airport,Hailey,US,medium,7550
SUV,Nausori International Airport,Nausori,FJ,large,7047
SUX,Sioux Gateway Airport / Brigadier General Bud Day Field,Sioux City,US,medium,9002
SVA,Savoonga Airport,Savoonga,US,medium,4400
SVB,Sambava Airport,Sambava,MG,medium,4577
SVC,Grant County Airport,Silver City,US,medium,6803
SVD,Argyle International Airport,Kingstown,VC,large,9000
SVG,"Stavanger Airport, Sola",Stavanger,NO,large,9369
SVI,Eduardo Falla Solano Airport,San Vicente Del Caguán,CO,medium,4921
SVJ,"Svolvær Airport, Helle",Svolvær,NO,medium,3104
SVL,Savonlinna Airport,Savonlinna,FI,medium,7546
SVO,Sheremetyevo International Airport,Moscow,RU,large,12139
SVQ,Seville Airport,Seville,ES,large,11030
SVX,Koltsovo Airport,Yekaterinburg,RU,large,9925
SVZ,Juan Vicente Gómez International Airport,San Antonio del Tachira,VE,medium,6135
SWA,Jieyang Chaoshan International Airport,Jieyang (Rongcheng),CN,large,10499
SWF,New York Stewart International Airport,Newburgh,US,medium,11817
SWO,Stillwater Regional Airport,Stillwater,US,medium,7401
SXB,Strasbourg Airport,Strasbourg,FR,large,7874
SXM,Princess Juliana International Airport,Sint Maarten,SX,large,7546
SXR,Srinagar International Airport,Srinagar,IN,large,12090
SYD,Sydney Kingsford Smith International Airport,Sydney (Mascot),AU,large,12999
SYO,Shonai Airport,Shonai,JP,medium,6560
SYQ,Tobías Bolaños International Airport,San Jose,CR,medium,5138
SYR,Syracuse Hancock International Airport,Syracuse,US,large,9013
SYS,Saskylakh Airport,Saskylakh,RU,medium,0
SYX,Sanya Phoenix International Airport,Sanya (Tianya),CN,large,11155
SYY,Stornoway Airport,"Stornoway, Western Isles",GB,medium,7218
SYZ,Shiraz Shahid Dastghaib International Airport,Shiraz,IR,large,14345
SZA,Soyo Airport,Soyo,AO,medium,5905
SZB,Sultan Abdul Aziz Shah International Airport,Subang,MY,large,12401
SZF,Samsun-Çarşamba Airport,Samsun,TR,medium,9843
SZG,Salzburg Airport,Salzburg,AT,large,9022
SZH,Shuozhou Zirun Airport,Shuozhou,CN,medium,8530
SZK,Skukuza Airport,Skukuza,ZA,medium,5085
SZX,Shenzhen Bao'an International Airport,Shenzhen,CN,large,12467
SZY,Olsztyn-Mazury Airport,Szymany,PL,medium,8202
SZZ,Solidarity Szczecin–Goleniów Airport,Szczecin(Glewice),PL,large,8202
TAB,A.N.R. Robinson International Airport,Scarborough,TT,large,9002
TAC,Daniel Z. Romualdez Airport,Tacloban City,PH,medium,7014
TAE,Daegu International Airport,Daegu,KR,large,9039
TAG,Bohol-Panglao International Airport,Panglao,PH,large,8202
TAH,Whitegrass Airport,Tanna Island,VU,medium,4035
TAI,Taiz International Airport,Taiz,YE,medium,10040
TAK,Takamatsu Airport,Takamatsu,JP,large,8200
TAM,General Francisco Javier Mina International Airport,Ciudad Madero,MX,medium,8366
TAO,Qingdao Jiaodong International Airport,Qingdao (Jiaozhou),CN,large,11811
TAP,Tapachula International Airport,Tapachula,MX,medium,6562
TAS,Tashkent International Airport,Tashkent,UZ,large,13123
TAT,Poprad-Tatry Airport,Poprad,SK,medium,8530
TAY,Tartu Airport,Tartu,EE,medium,5905
TAZ,Dashoguz International Airport,Daşoguz,TM,large,12467
TBB,Dong Tac Airport,Tuy Hoa,VN,medium,9520
TBH,Tugdan Airport,Tablas Island,PH,medium,4560
TBI,New Bight Airport,Cat Island,BS,medium,5050
TBJ,Tabarka-Aïn Draham International Airport,Tabarka,TN,medium,9416
TBN,Waynesville-St. Robert Regional Airport-Forney Field,Fort Leonard Wood,US,medium,6037
TBP,Captain Pedro Canga Rodríguez International Airport,Tumbes,PE,medium,8202
TBS,Tbilisi International Airport,Tbilisi,GE,large,9843
TBT,Tabatinga International Airport,Tabatinga,BR,medium,7054
TBU,Fua'amotu International Airport,Nuku'alofa,TO,large,8795
TBZ,Tabriz International Airport,Tabriz,IR,large,11825
TCA,Tennant Creek Airport,Tennant Creek,AU,medium,6427
TCB,Treasure Cay Airport,Treasure Cay,BS,medium,7001
TCO,La Florida Airport,Tumaco,CO,medium,5249
TCP,Taba International Airport,Taba,EG,medium,13123
TCQ,Coronel FAP Carlos Ciriani Santa Rosa International Airport,Tacna,PE,medium,8202
TCZ,Tengchong Tuofeng Airport,Baoshan (Tengchong),CN,medium,7710
TDD,Teniente Av. Jorge Henrich Arauz Airport,Trinidad,BO,medium,7874
TDK,Taldykorgan Airport,Taldykorgan,KZ,medium,9846
TDX,Trat Airport,Laem Ngop,TH,medium,5899
TEB,Teterboro Airport,Teterboro,US,medium,6997
TEE,Cheikh Larbi Tébessi Airport,Tébessi,DZ,medium,9843
TEN,Tongren Fenghuang Airport,Tongren (Daxing),CN,medium,9022
TEQ,Tekirdağ Çorlu Airport,Çorlu,TR,medium,9844
TER,Lajes Airport,Praia da Vitória,PT,medium,10870
TET,Tete Airport,Tete,MZ,large,8225
TEX,Telluride Regional Airport,Telluride,US,medium,7111
TEZ,Tezpur Airport,,IN,medium,9010
TFF,Tefé Airport,Tefé,BR,medium,7218
TFN,Tenerife Norte-Ciudad de La Laguna Airport,Tenerife,ES,large,10404
TFS,Tenerife Sur Airport,Tenerife,ES,large,10499
TFU,Chengdu Tianfu International Airport,Chengdu (Jianyang),CN,large,13123
TGD,Podgorica Airport / Podgorica Golubovci Airbase,Podgorica,ME,large,8202
TGG,Sultan Mahmud Airport,Kuala Terengganu,MY,medium,11417
TGJ,Tiga Airport,Tiga,NC,medium,0
TGM,Târgu Mureş Transilvania International Airport,Recea,RO,medium,6562
TGO,Tongliao Airport,Tongliao,CN,medium,7546
TGR,Touggourt Sidi Madhi Airport,Touggourt,DZ,medium,9843
TGT,Tanga Airport,Tanga,TZ,medium,4160
TGU,Toncontín Airport,Tegucigalpa,HN,medium,6112
TGZ,Angel Albino Corzo International Airport,Tuxtla Gutiérrez,MX,medium,8202
THE,Senador Petrônio Portela Airport,Teresina,BR,medium,7218
THG,Thangool Airport,Biloela,AU,medium,4993
THL,Tachileik Airport,Tachileik,MM,medium,7002
THN,Trollhättan-Vänersborg Airport,Trollhättan,SE,medium,5610
THQ,Tianshui Maijishan Airport,Tianshui (Maiji),CN,medium,9186
THR,Mehrabad International Airport,Tehran,IR,large,13258
THS,Sukhothai Airport,,TH,medium,6890
TIA,Tirana International Airport Mother Teresa,Rinas,AL,large,9843
TIF,Taif International Airport,Taif,SA,large,12254
TIH,Tikehau Airport,Tuherahera,PF,medium,3937
TIJ,General Abelardo L. Rodriguez International Airport,Tijuana,MX,large,9711
TIM,Mozes Kilangin Airport,Timika,ID,medium,7841
TIN,Tindouf Airport,Tindouf,DZ,medium,9840
TIQ,Francisco Manglona Borja / Tinian International Airport,Tinian Island,MP,medium,8600
TIR,Tirupati International Airport,Tirupati,IN,large,12500
TIU,Timaru Airport,,NZ,medium,4200
TIV,Tivat Airport,Tivat,ME,medium,8208
TIW,Tacoma Narrows Airport,Tacoma,US,medium,5002
TJA,Capitan Oriel Lea Plaza Airport,Tarija,BO,medium,10007
TJG,Warukin Airport,Tanta-Tabalong,ID,medium,4601
TJH,Konotori Tajima Airport,Toyooka,JP,medium,3937
TJK,Tokat Airport,Tokat,TR,medium,8858
TJM,Roshchino International Airport,Tyumen,RU,large,9852
TJU,Kulob International Airport,Kulob,TJ,large,9843
TKD,Takoradi Airport,Sekondi-Takoradi,GH,medium,5745
TKF,Truckee Tahoe Airport,Truckee,US,medium,7001
TKG,Radin Inten II International Airport,Bandar Lampung,ID,medium,9088
TKK,Chuuk International Airport,Weno Island,FM,large,6006
TKN,Tokunoshima Airport,Amagi,JP,medium,6561
TKP,Takapoto Airport,,PF,medium,3018
TKS,Tokushima Awaodori Airport / JMSDF Tokushima Air Base,Tokushima,JP,large,6560
TKU,Turku Airport,Turku,FI,large,8202
TKX,Takaroa Airport,,PF,medium,3452
TLC,Adolfo López Mateos International Airport,Toluca,MX,large,13780
TLE,Toliara Airport,Toliara,MG,medium,6562
TLH,Tallahassee International Airport,Tallahassee,US,medium,8000
TLL,Lennart Meri Tallinn Airport,Tallinn,EE,large,11417
TLM,Zenata – Messali El Hadj Airport,Zenata,DZ,large,8530
TLN,Toulon-Hyères Airport,"Hyères, Var",FR,medium,6955
TLQ,Turpan Jiaohe Airport,Turpan,CN,medium,9186
TLS,Toulouse-Blagnac Airport,Toulouse/Blagnac,FR,large,11483
TLV,Ben Gurion International Airport,Tel Aviv,IL,large,13327
TME,Gustavo Vargas Airport,Tame,CO,medium,6561
TMH,Tanah Merah Airport,Tanah Merah,ID,medium,0
TMJ,Termez Airport,Termez,UZ,medium,9843
TML,Yakubu Tali International Airport,Tamale,GH,large,7999
TMM,Toamasina Ambalamanasy Airport,Toamasina,MG,large,7218
TMP,Tampere-Pirkkala Airport,Tampere / Pirkkala,FI,large,8858
TMR,Aguenar – Hadj Bey Akhamok Airport,Tamanrasset,DZ,large,11811
TMS,São Tomé International Airport,São Tomé,ST,large,7283
TMT,Trombetas Airport,Oriximiná,BR,medium,5249
TMW,Tamworth Airport,Tamworth,AU,medium,7218
TMX,Timimoun Airport,Timimoun,DZ,medium,9843
TNA,Jinan Yaoqiang International Airport,Jinan (Licheng),CN,large,11812
TND,Alberto Delgado Airport,Trinidad,CU,medium,5909
TNE,New Tanegashima Airport,Tanegashima,JP,medium,6544
TNG,Tangier Ibn Battuta Airport,Tangier,MA,large,11483
TNH,Tonghua Sanyuanpu Airport,Tonghua,CN,medium,7546
TNJ,Raja Haji Fisabilillah International Airport,Tanjung Pinang-Bintan Island,ID,medium,7380
TNN,Tainan International Airport / Tainan Air Base,Tainan (Rende),TW,large,10007
TNR,Ivato International Airport,Antananarivo,MG,large,10171
TOD,Tioman Airport,Tioman Island,MY,medium,3255
TOE,Tozeur Nefta International Airport,Tozeur,TN,medium,10581
TOF,Tomsk Kamov Airport,Tomsk,RU,large,8202
TOL,Eugene F. Kranz Toledo Express Airport,Toledo,US,medium,10600
TOM,Tombouktou Airport,Timbuktu,ML,large,6923
TOS,Tromsø Airport,Tromsø,NO,large,8041
TOU,Touho Airport,Touho,NC,medium,3609
TOY,Toyama Kitokito Airport,Toyama,JP,medium,6562
TPA,Tampa International Airport,Tampa,US,large,11002
TPE,Taiwan Taoyuan International Airport,Taoyuan,TW,large,12008
TPJ,Taplejung Airport,Taplejung,NP,medium,2313
TPP,Cadete FAP Guillermo Del Castillo Paredes Airport,Tarapoto,PE,medium,8530
TPQ,Amado Nervo National Airport,Tepic,MX,medium,10171
TPS,Vincenzo Florio Airport Trapani-Birgi,Trapani (TP),IT,medium,8852
TQO,Felipe Carrillo Puerto International Airport Tulum,Tulum,MX,large,12139
TRA,Tarama Airport,Tarama,JP,medium,4921
TRC,Francisco Sarabia Tinoco International Airport,Torreón,MX,medium,9039
TRD,"Trondheim Airport, Værnes",Trondheim,NO,large,9052
TRE,Tiree Airport,"Balemartine, Argyll and Bute",GB,medium,4600
TRF,"Sandefjord Airport, Torp",Sandefjord(Torp),NO,large,9216
TRG,Tauranga Airport,Tauranga,NZ,medium,5988
TRI,Tri-Cities Regional TN/VA Airport,Blountville,US,medium,8000
TRK,Juwata International Airport / Suharnoko Harbani AFB,Tarakan,ID,medium,7382
TRN,Turin Airport,Caselle Torinese (TO),IT,large,10827
TRR,China Bay Airport,Trincomalee,LK,medium,7850
TRS,Trieste Airport,Ronchi dei Legionari/Trieste,IT,large,9843
TRT,Toraja Airport,Toraja,ID,medium,6562
TRU,Capitán FAP Carlos Martínez de Pinillos International Airport,Trujillo,PE,large,9920
TRV,Thiruvananthapuram International Airport,Thiruvananthapuram,IN,large,11148
TRW,Bonriki International Airport,South Tarawa,KI,large,6598
TRZ,Tiruchirappalli International Airport,Tiruchirappalli,IN,large,6115
TSA,Taipei Songshan International Airport,Taipei (Songshan),TW,large,8547
TSF,Treviso Airport,Treviso (TV),IT,large,7941
TSJ,Tsushima Airport,Tsushima,JP,medium,6234
TSM,Taos Regional Airport,Taos,US,medium,5504
TSN,Tianjin Binhai International Airport,Tianjin,CN,large,11811
TSR,Timișoara Traian Vuia International Airport,Timişoara,RO,large,11483
TST,Trang Airport,Trang,TH,medium,6890
TSV,Townsville Airport / RAAF Base Townsville,Townsville,AU,medium,7999
TTA,Tan Tan Airport,Tan Tan,MA,medium,6562
TTE,Sultan Babullah Airport,Ternate,ID,medium,5875
TTJ,Tottori Sand Dunes Conan Airport,Tottori,JP,medium,6562
TTN,Trenton Mercer Airport,Ewing Township,US,medium,6006
TTT,Taitung Airport,Taitung City,TW,medium,7999
TTU,Sania Ramel Airport,Tétouan,MA,large,10784
TUA,Lieutenant Colonel Luis A. Mantilla International Airport,Tulcán,EC,medium,8071
TUB,Tubuai Airport,,PF,medium,4921
TUC,Teniente Benjamín Matienzo International Airport,San Miguel de Tucumán,AR,large,11483
TUF,Tours Val de Loire Airport,"Tours, Indre-et-Loire",FR,medium,7887
TUG,Tuguegarao Airport,Tuguegarao City,PH,medium,6455
TUI,Turaif Domestic Airport,Turaif,SA,medium,9843
TUK,Turbat International Airport,Turbat,PK,large,9022
TUL,Tulsa International Airport,Tulsa,US,large,10000
TUN,Tunis Carthage International Airport,Tunis,TN,large,10499
TUO,Taupo Airport,Taupo,NZ,medium,4547
TUP,Tupelo Regional Airport,Tupelo,US,medium,7150
TUR,Tucuruí Airport,Tucuruí,BR,medium,6562
TUS,Tucson International Airport,Tucson,US,large,10996
TUU,Prince Sultan bin Abdulaziz International Airport,Tabuk,SA,large,10991
TVC,Cherry Capital Airport,Traverse City,US,medium,7016
TVF,Thief River Falls Regional Airport,Thief River Falls,US,medium,6504
TVT,Tashkent-Khumo International Airport,Tashkent,UZ,medium,10630
TVY,Dawei Airport,Dawei,MM,medium,12013
TWF,Joslin Field Magic Valley Regional Airport,Twin Falls,US,medium,8704
TWT,Sanga Sanga Airport,Bongao,PH,medium,6102
TWU,Tawau Airport,Tawau,MY,medium,8800
TXE,Rembele Airport,Takengon,ID,medium,3837
TXK,Texarkana Regional Airport (Webb Field),Texarkana,US,medium,6602
TXN,Huangshan Tunxi International Airport,Huangshan,CN,large,8530
TYF,Torsby Airport,Torsby,SE,medium,5219
TYL,Captain Victor Montes Arias International Airport,Talara,PE,medium,8038
TYN,Taiyuan Wusu International Airport,Taiyuan,CN,large,11811
TYR,Tyler Pounds Regional Airport,Tyler,US,medium,8334
TYS,McGhee Tyson Airport,Knoxville/Maryville,US,large,10000
TZA,Sir Barry Bowen Municipal Airport,Belize City,BZ,medium,0
TZL,Tuzla International Airport,Dubrave Gornje,BA,large,8152
TZN,Congo Town Airport,Andros,BS,medium,5300
TZX,Trabzon International Airport,Trabzon,TR,medium,8661
UAI,"Commander in Chief of FALINTIL, Kay Rala Xanana Gusmão, International Airport",Suai,TL,medium,4921
UAQ,Domingo Faustino Sarmiento Airport,San Juan,AR,medium,8071
UAR,Bouarfa Airport,Bouarfa,MA,medium,10499
UBA,Mário de Almeida Franco Airport,Uberaba,BR,medium,5771
UBJ,Yamaguchi Ube Airport,Ube,JP,medium,8200
UBN,Ulaanbaatar Chinggis Khaan International Airport,Ulaanbaatar (Sergelen),MN,large,11811
UBP,Ubon Ratchathani Airport,Ubon Ratchathani,TH,medium,9848
UCB,Ulanqab Jining Airport,Ulanqab,CN,medium,10499
UCT,Ukhta Airport,Ukhta,RU,medium,8691
UDI,Ten. Cel. Aviador César Bombonato Airport,Uberlândia,BR,medium,6398
UDR,Maharana Pratap Airport,Udaipur,IN,medium,7484
UEL,Quelimane Airport,Quelimane,MZ,medium,5905
UEO,Kumejima Airport,Kumejima,JP,medium,6562
UET,Quetta International Airport,Quetta,PK,large,12001
UFA,Ufa International Airport,Ufa,RU,large,12339
UGA,Bulgan Airport,Bulgan,MN,medium,6234
UGC,Urgench International Airport,Urgench,UZ,large,11065
UGU,Bilorai Airport,Bilogai,ID,medium,1969
UIB,El Caraño Airport,Quibdó,CO,medium,4593
UIH,Phu Cat Airport,Quy Nohn,VN,medium,10010
UIN,Quincy Regional Airport Baldwin Field,Quincy,US,medium,7098
UIO,Mariscal Sucre International Airport,Quito,EC,large,13445
UKB,Kobe Airport,Kobe,JP,large,8202
UKE,Utkela Airport,Bhawanipatna,IN,medium,3000
UKK,Oskemen International Airport,Ust-Kamenogorsk (Oskemen),KZ,large,8234
UKX,Ust-Kut Airport,Ust-Kut,RU,medium,6561
ULG,Ölgii Mongolei International Airport,Ölgii,MN,medium,7874
ULH,Al-Ula International Airport,Al-Ula,SA,large,10007
ULK,Lensk Airport,Lensk,RU,medium,6562
ULO,Ulaangom Airport,Ulaangom,MN,medium,8815
ULP,Quilpie Airport,,AU,medium,4898
ULU,Gulu Airport,Gulu,UG,medium,10314
ULV,Ulyanovsk Baratayevka Airport,Ulyanovsk,RU,medium,12533
ULY,Ulyanovsk Vostochny Airport,Cherdakly,RU,medium,16404
UME,Umeå Airport,Umeå,SE,large,7551
UNI,Union Island International Airport,Union Island,VC,medium,2467
UNK,Unalakleet Airport,Unalakleet,US,medium,5900
UNN,Ranong Airport,Ranong,TH,medium,6562
UPG,Sultan Hasanuddin International Airport,Makassar,ID,large,10171
UPN,Uruapan - Licenciado y General Ignacio Lopez Rayon International Airport,Uruapan,MX,medium,7874
URA,Manshuk Mametova International Airport,Uralsk,KZ,large,9183
URC,Ürümqi Tianshan International Airport,Ürümqi,CN,large,11811
URE,Kuressaare Airport,Kuressaare,EE,medium,6561
URG,Rubem Berta Airport,Uruguaiana,BR,medium,4921
URJ,Uray Airport,Uray,RU,medium,7218
URT,Surat Thani Airport,Surat Thani,TH,medium,9843
URY,Gurayat Domestic Airport,Gurayat,SA,medium,10007
USA,Concord-Padgett Regional Airport,Concord,US,medium,7402
USH,Ushuaia - Malvinas Argentinas International Airport,Ushuaia,AR,medium,9186
USK,Usinsk Airport,Usinsk,RU,medium,8202
USM,Samui International Airport,Na Thon (Ko Samui Island),TH,large,6759
USN,Ulsan Airport,Ulsan,KR,medium,6561
USR,Ust-Nera Airport,Ust-Nera,RU,medium,5020
UST,Northeast Florida Regional Airport,St Augustine,US,medium,12000
USU,Francisco B. Reyes (Busuanga) Airport,Coron,PH,medium,3300
UTH,Udon Thani International Airport,Udon Thani,TH,large,10000
UTN,Upington Airport,Upington,ZA,medium,16076
UTO,Indian Mountain LRRS Airport,Utopia Creek,US,medium,4100
UTP,U-Tapao–Rayong–Pattaya International Airport,Rayong,TH,large,11500
UTT,K. D. Matanzima Airport,Mthatha,ZA,medium,8530
UUA,Bugulma Airport,Bugulma,RU,medium,6561
UUD,Baikal International Airport,Ulan Ude,RU,large,11155
UUS,Yuzhno-Sakhalinsk International Airport,Yuzhno-Sakhalinsk,RU,large,11155
UVE,Ouvéa Airport,Ouvéa,NC,medium,3609
UVF,Hewanorra International Airport,Vieux Fort,LC,large,9003
UYL,Nyala Airport,Nyala,SD,medium,9880
UYN,Yulin Yuyang Airport,Yulin,CN,medium,9186
UYU,Joya Andina International Airport,Quijarro,BO,large,13123
VAA,Vaasa Airport,Vaasa,FI,large,8727
VAI,Vanimo Airport,Vanimo,PG,medium,5775
VAM,Villa International Airport Maamigili,Maamigili,MV,medium,5905
VAN,Van Ferit Melen Airport,Van,TR,medium,9022
VAQ,Vanavara Airport,Vanavara,RU,medium,4592
VAR,Varna Airport,Varna,BG,large,8258
VAS,Sivas Nuri Demirağ Airport,Sivas,TR,medium,12503
VAV,Vava'u International Airport,Vava'u Island,TO,large,5593
VAW,"Vardø Airport, Svartnes",Vardø,NO,medium,3707
VBS,Brescia Gabriele d'Annunzio Airport,Montichiari (BS),IT,medium,9810
VBY,Visby Airport,Visby,SE,large,6562
VCA,Can Tho International Airport,Can Tho,VN,large,9843
VCE,Venice Marco Polo Airport,Venezia (VE),IT,large,10827
VCP,Viracopos International Airport,Campinas,BR,large,10630
VCS,Con Dao Airport,Con Dao,VN,medium,6004
VCT,Victoria Regional Airport,Victoria,US,medium,9111
VDC,Glauber de Andrade Rocha Airport,Vitória da Conquista,BR,medium,6890
VDE,El Hierro Airport,El Hierro Island,ES,medium,4101
VDH,Dong Hoi Airport,Dong Hoi,VN,medium,7874
VDM,Gobernador Castello Airport,Viedma / Carmen de Patagones,AR,medium,8366
VDO,Van Don International Airport,Van Don,VN,medium,11811
VDS,Vadsø Airport,Vadsø,NO,medium,3278
VDZ,Valdez Pioneer Field,Valdez,US,medium,6500
VEL,Vernal Regional Airport,Vernal,US,medium,7000
VEO,Severo-Yeniseysk Airport,Severo-Yeniseysk,RU,medium,4920
VER,General Heriberto Jara International Airport,Veracruz,MX,large,7874
VFA,Victoria Falls International Airport,Victoria Falls,ZW,large,13123
VGA,Vijayawada International Airport,Vijayawada,IN,large,11023
VGO,Vigo Airport,Vigo,ES,medium,7874
VHM,Vilhelmina South Lapland Airport,Vilhelmina,SE,medium,4928
VIE,Vienna International Airport,Vienna,AT,large,11811
VIG,Juan Pablo Pérez Alfonso Airport,El Vigía,VE,medium,10645
VII,Vinh Airport,Vinh,VN,medium,7875
VIJ,Virgin Gorda Airport,Spanish Town,VG,medium,3100
VIL,Dakhla Airport,Dakhla,EH,large,9842
VIT,Vitoria Airport,Alava,ES,medium,11483
VIX,Eurico de Aguiar Salles International Airport,Vitória,BR,large,6752
VKG,Rach Gia Airport,Rach Gia,VN,medium,4921
VKO,Vnukovo International Airport,Moscow,RU,large,11483
VKT,Vorkuta Airport,Vorkuta,RU,medium,7218
VLC,Valencia Airport,Valencia,ES,large,8858
VLD,Valdosta Regional Airport,Valdosta,US,medium,8003
VLI,Bauerfield International Airport,Port Vila,VU,large,8530
VLL,Valladolid Airport,Valladolid,ES,medium,9843
VLN,Arturo Michelena International Airport,Valencia,VE,large,9842
VLV,Dr. Antonio Nicolás Briceño Airport,Valera,VE,medium,6791
VMU,Baimuru Airport,Baimuru,PG,medium,2953
VNO,Vilnius International Airport,Vilnius,LT,large,8251
VNS,Lal Bahadur Shastri International Airport,Varanasi,IN,large,9006
VNX,Vilankulo Airport,Vilanculo,MZ,medium,4823
VOG,Volgograd International Airport,Volgograd,RU,large,9186
VOL,Nea Anchialos National Airport,Nea Anchialos,GR,medium,9052
VOZ,Voronezh International Airport,Voronezh,RU,medium,7546
VPE,Ngjiva Pereira Airport,Ngiva,AO,medium,10640
VPN,Vopnafjörður Airport,Vopnafjörður,IS,medium,2904
VPS,Destin-Fort Walton Beach Airport,Valparaiso,US,medium,12004
VPY,Chimoio Airport,Chimoio,MZ,medium,7874
VQS,Antonio Rivera Rodriguez Airport,Vieques,PR,medium,4301
VRA,Juan Gualberto Gomez International Airport,Matanzas,CU,large,11490
VRB,Vero Beach Regional Airport,Vero Beach,US,medium,7314
VRC,Virac Airport,Virac,PH,medium,5118
VRL,Vila Real Airport,Vila Real,PT,medium,3107
VRN,Verona Villafranca Valerio Catullo Airport,Caselle (VR),IT,large,10064
VSA,Carlos Rovirosa Pérez International Airport,Villahermosa,MX,large,7218
VSE,Aerodromo Goncalves Lobato (Viseu Airport),Viseu,PT,medium,4035
VST,Stockholm Västerås Airport,Stockholm / Västerås,SE,large,8468
VTE,Wattay International Airport,Vientiane,LA,large,9843
VTU,Hermanos Ameijeiras Airport,Las Tunas,CU,medium,5971
VTZ,Alluri Sitarama Raju International Airport (Vizag),Visakhapatnam,IN,large,0
VUP,Alfonso López Pumarejo Airport,Valledupar,CO,medium,6890
VUS,Velikiy Ustyug Airport,Velikiy Ustyug,RU,medium,5069
VVC,Vanguardia Airport,Villavicencio,CO,medium,5616
VVI,Viru Viru International Airport,Santa Cruz,BO,large,11483
VVO,Vladivostok International Airport,Artyom,RU,large,11483
VVZ,Illizi Takhamalt Airport,Illizi,DZ,medium,9843
VXC,Lichinga Airport,Lichinga,MZ,medium,8300
VXE,Cesaria Evora International Airport,São Pedro,CV,large,6561
VXO,Växjö Kronoberg Airport,Växjö,SE,medium,6900
VYI,Vilyuisk Airport,Vilyuisk,RU,medium,5249
WAE,Wadi Al Dawasir Domestic Airport,Wadi Al Dawasir,SA,medium,10007
WAG,Wanganui Airport,Wanganui,NZ,medium,4521
WAW,Warsaw Chopin Airport,Warsaw,PL,large,12106
WBM,Wapenamanda Airport,Wapenamanda,PG,medium,5052
WDH,Hosea Kutako International Airport,Windhoek,NA,large,15010
WDS,Shiyan Wudangshan Airport,Shiyan (Maojian),CN,medium,8530
WEF,Weifang Nanyuan Airport,Weifang (Kuiwen),CN,medium,8530
WEH,Weihai Dashuibo Airport,Weihai,CN,medium,8530
WEI,Weipa Airport,Weipa,AU,medium,5397
WGA,Wagga Wagga Airport,Forest Hill,AU,medium,5807
WGE,Walgett Airport,,AU,medium,5335
WGN,Shaoyang Wugang Airport,Shaoyang (Wugang),CN,medium,8530
WHA,Wuhu Xuanzhou Airport,Wuhu,CN,medium,9186
WHK,Whakatāne Airport,Whakatāne,NZ,medium,4200
WIC,Wick John O'Groats Airport,Wick,GB,medium,6007
WIL,Nairobi Wilson Airport,Nairobi,KE,medium,5052
WIN,Winton Airport,,AU,medium,4600
WJR,Wajir Airport,Wajir,KE,medium,9193
WJU,Wonju Airport / Hoengseong Air Base (K-38/K-46),Wonju,KR,medium,9000
WKA,Wanaka Airport,Wanaka,NZ,medium,3937
WKJ,Wakkanai Airport,Wakkanai,JP,medium,6560
WKK,Aleknagik / New Airport,Aleknagik,US,medium,2030
WLG,Wellington International Airport,Wellington,NZ,large,6352
WLS,Hihifo Airport,Wallis Island,WF,large,6890
WMI,Warsaw Modlin Airport,Nowy Dwór Mazowiecki,PL,large,8202
WMN,Maroantsetra Airport,Maroantsetra,MG,medium,4265
WMT,Zunyi Maotai Airport,Zunyi,CN,medium,8530
WMX,Wamena Airport,Wamena,ID,medium,7135
WNI,Matahora Airport,Wangi-wangi Island,ID,medium,6959
WNP,Naga Airport,Naga,PH,medium,4599
WNR,Windorah Airport,Windorah,AU,medium,4508
WNS,Shaheed Benazirabad Airport,Nawabashah,PK,medium,8999
WNZ,Wenzhou Longwan International Airport,Wenzhou (Longwan),CN,large,10499
WOS,Wonsan Kalma Airport,Wonsan,KP,medium,11482
WRE,Whangarei Airport,Whangarei,NZ,medium,3599
WRG,Wrangell Airport,Wrangell,US,medium,6000
WRO,Copernicus Wrocław Airport,Wrocław,PL,large,8212
WST,Westerly State Airport,Westerly,US,medium,4010
WSZ,Westport Airport,Westport,NZ,medium,4200
WTB,Toowoomba Wellcamp Airport,Toowoomba,AU,large,9416
WUA,Wuhai Airport,Wuhai,CN,medium,8530
WUH,Wuhan Tianhe International Airport,Wuhan (Huangpi),CN,large,11811
WUN,Wiluna Airport,,AU,medium,5942
WUS,Nanping Wuyishan Airport,Wuyishan,CN,medium,7874
WUU,Wau Airport,Wau,SS,medium,8202
WUX,Sunan Shuofang International Airport,Wuxi,CN,large,10499
WUZ,Wuzhou Xijiang Airport,Tangbu,CN,medium,8202
WVB,Walvis Bay International Airport,Walvis Bay(Rooikop),NA,large,11483
WWK,Wewak International Airport,Wewak,PG,medium,5234
WYA,Whyalla Airport,Whyalla,AU,medium,5531
WYS,Yellowstone Airport,West Yellowstone,US,medium,8400
XAI,Xinyang Minggang Airport,Xinyang,CN,medium,8858
XAP,Serafin Enoss Bertaso Airport,Chapecó,BR,medium,6758
XBJ,Birjand International Airport,Birjand,IR,large,9521
XCH,Christmas Island International Airport,Flying Fish Cove,CX,medium,6900
XCR,Chalons Vatry airport,Chalons en Champagne,FR,medium,12664
XFN,Xiangyang Liuji Airport,Xiangyang (Xiangzhou),CN,medium,8530
XIC,Xichang Qingshan Airport,Liangshan (Xichang),CN,medium,11811
XIL,Xilinhot Airport,Xilinhot,CN,medium,9186
XIY,Xi'an Xianyang International Airport,Xi'an,CN,large,12467
XKS,Kasabonika Airport,Kasabonika,CA,medium,3500
XMH,Manihi Airport,,PF,medium,3051
XMN,Xiamen Gaoqi International Airport,Xiamen,CN,large,11155
XMS,Coronel E Carvajal Airport,Macas,EC,medium,8202
XNA,Northwest Arkansas National Airport,Fayetteville/Springdale/Rogers,US,medium,8801
XNN,Xining Caojiabao International Airport,Haidong (Huzhu Tu Autonomous County),CN,large,12467
XPL,Palmerola International Airport,Palmerola,HN,large,8064
XQP,Quepos Managua Airport,Quepos,CR,medium,3609
XQU,Qualicum Beach Airport,Qualicum Beach,CA,medium,3565
XRY,Jerez Airport,Jerez de la Frontera,ES,medium,7546
XSC,South Caicos Airport,South Caicos,TC,medium,6335
XSP,Seletar Airport,Seletar,SG,medium,6023
XTG,Thargomindah Airport,Thargomindah,AU,medium,4800
XUZ,Xuzhou Guanyin International Airport,Xuzhou,CN,medium,11548
XWA,Williston Basin International Airport,Williston,US,medium,7503
YAA,Anahim Lake Airport,Anahim Lake,CA,medium,3930
YAG,Fort Frances Municipal Airport,Fort Frances,CA,medium,4500
YAK,Yakutat Airport,Yakutat,US,medium,7732
YAM,Sault Ste Marie Airport,Sault Ste Marie,CA,medium,6000
YAP,Yap International Airport,Yap Island,FM,large,6000
YAY,St. Anthony Airport,St. Anthony,CA,medium,4000
YAZ,Tofino / Long Beach Airport,Tofino,CA,medium,5000
YBC,Baie-Comeau Airport,Baie-Comeau,CA,medium,6000
YBG,Saguenay-Bagotville Airport,Saguenay,CA,medium,10000
YBK,Baker Lake Airport,Baker Lake,CA,medium,4200
YBL,Campbell River Airport,Campbell River,CA,medium,6499
YBP,Yibin Wuliangye Airport,Yibin (Cuiping),CN,medium,8530
YBR,Brandon Municipal Airport,Brandon,CA,medium,6500
YBX,Lourdes-de-Blanc-Sablon Airport,Blanc-Sablon,CA,medium,4500
YBY,Bonnyville Airport,Bonnyville,CA,medium,4434
YCB,Cambridge Bay Airport,Cambridge Bay,CA,medium,5000
YCD,Nanaimo Airport,Nanaimo,CA,medium,6602
YCG,Castlegar/West Kootenay Regional Airport,Castlegar,CA,medium,5300
YCM,Niagara District Airport,Niagara-on-the-Lake,CA,medium,5000
YCU,Yuncheng Yanhu International Airport,Yuncheng (Yanhu),CN,large,10499
YDA,Dawson City Airport,Dawson City,CA,medium,5000
YDF,Deer Lake Airport,Deer Lake,CA,medium,8005
YDN,Dauphin Barker Airport,Dauphin,CA,medium,5000
YEG,Edmonton International Airport,Edmonton,CA,large,11000
YEI,Bursa Yenişehir Airport,Yenişehir,TR,medium,9818
YEV,Inuvik Mike Zubko Airport,Inuvik,CA,medium,6000
YFB,Iqaluit Airport,Iqaluit,CA,medium,8605
YFC,Fredericton International Airport,Fredericton,CA,medium,8005
YFS,Fort Simpson Airport,Fort Simpson,CA,medium,6000
YGJ,Yonago Kitaro Airport / JASDF Miho Air Base,Yonago,JP,medium,8202
YGL,La Grande Rivière Airport,La Grande Rivière,CA,medium,6500
YGP,Michel-Pouliot Gaspé Airport,Gaspé,CA,medium,5488
YGR,Îles-de-la-Madeleine Airport,Les Îles-de-la-Madeleine,CA,medium,4500
YGV,Havre-Saint-Pierre Airport,Havre-Saint-Pierre,CA,medium,4500
YGW,Kuujjuarapik Airport,Kuujjuarapik,CA,medium,5052
YHM,John C. Munro Hamilton International Airport,Hamilton,CA,large,10006
YHU,Montréal / Saint-Hubert Metropolitan Airport,Montréal,CA,medium,7840
YHY,Hay River / Merlyn Carter Airport,Hay River,CA,medium,6000
YHZ,Halifax / Stanfield International Airport,Halifax,CA,large,10500
YIA,Yogyakarta International Airport,Yogyakarta,ID,large,10663
YIC,Yichun Mingyueshan Airport,Yichun,CN,medium,7874
YIE,Arxan Yi'ershi Airport,Arxan,CN,medium,7874
YIF,St Augustin Airport,St-Augustin,CA,medium,4590
YIH,Yichang Sanxia Airport,Yichang (Xiaoting),CN,medium,10499
YIN,Ili Yining International Airport,Ili (Yining / Ghulja),CN,medium,7874
YIV,Island Lake Airport,Island Lake,CA,medium,4000
YIW,Yiwu Airport,Yiwu/Jinhua,CN,large,9843
YKA,Kamloops John Moose Fulton Field Regional Airport,Kamloops,CA,medium,8000
YKF,Region of Waterloo International Airport,Breslau,CA,medium,7003
YKH,Yingkou Lanqi Airport,Yingkou (Laobian),CN,medium,8202
YKL,Schefferville Airport,Schefferville,CA,medium,5000
YKM,Yakima Air Terminal McAllister Field,Yakima,US,medium,7604
YKO,Hakkari Yüksekova Airport,Hakkari,TR,medium,10499
YKS,Platon Oyunsky Yakutsk International Airport,Yakutsk,RU,large,11155
YLK,Barrie-Lake Simcoe Regional Airport,Barrie,CA,medium,6001
YLL,Lloydminster Airport,Lloydminster,CA,medium,5577
YLW,Kelowna International Airport,Kelowna,CA,large,8900
YLX,Yulin Fumian Airport,Yulin,CN,medium,8530
YMM,Fort McMurray International Airport,Fort McMurray,CA,medium,7503
YMO,Moosonee Airport,Moosonee,CA,medium,4000
YMS,Moises Benzaquen Rengifo Airport,Yurimaguas,PE,medium,5912
YMT,Chapais Airport,Chibougamau,CA,medium,6496
YMX,Montreal Mirabel International Airport,Montréal,CA,medium,12000
YNA,Natashquan Airport,Natashquan,CA,medium,4494
YNB,Prince Abdulmohsen Bin Abdulaziz International Airport,Yanbu,SA,large,10532
YND,Ottawa / Gatineau Airport,Gatineau,CA,medium,6000
YNJ,Yanji Chaoyangchuan Airport,Yanji,CN,medium,8530
YNL,Points North Landing Airport,Points North Landing,CA,medium,6000
YNT,Yantai Penglai International Airport,Yantai,CN,large,11155
YNY,Yangyang International Airport,Gonghang-ro,KR,large,8202
YNZ,Yancheng Nanyang International Airport,Yancheng (Tinghu),CN,large,9186
YOJ,High Level Airport,High Level,CA,medium,5000
YOL,Yola Airport,Yola,NG,medium,9840
YOW,Ottawa Macdonald-Cartier International Airport,Ottawa,CA,large,10000
YPA,Prince Albert Glass Field,Prince Albert,CA,medium,5000
YPE,Peace River Airport,Peace River,CA,medium,5000
YPL,Pickle Lake Airport,Pickle Lake,CA,medium,4921
YPN,Port-Menier Airport,Port-Menier,CA,medium,4886
YPQ,Peterborough Regional Airport,Peterborough,CA,medium,7005
YPR,Prince Rupert Airport,Prince Rupert,CA,medium,6000
YPW,Powell River Airport,Powell River,CA,medium,3627
YPX,Puvirnituq Airport,Puvirnituq,CA,medium,6299
YPY,Fort Chipewyan Airport,Fort Chipewyan,CA,medium,5000
YPZ,Burns Lake Airport,Burns Lake,CA,medium,5000
YQA,Muskoka Airport,Gravenhurst,CA,medium,6000
YQB,Quebec Jean Lesage International Airport,Quebec,CA,large,9000
YQD,The Pas Airport,The Pas,CA,medium,5901
YQG,Windsor International Airport,Windsor,CA,large,9000
YQH,Watson Lake Airport,Watson Lake,CA,medium,5504
YQK,Kenora Airport,Kenora,CA,medium,5800
YQL,Lethbridge County Airport,Lethbridge,CA,medium,6500
YQM,Greater Moncton Roméo LeBlanc International Airport,Moncton,CA,medium,10001
YQN,Nakina Airport,Nakina,CA,medium,3500
YQQ,Comox Valley International Airport / CFB Comox,Comox,CA,medium,10000
YQR,Regina International Airport,Regina,CA,medium,7900
YQT,Thunder Bay International Airport,Thunder Bay,CA,medium,7318
YQU,Grande Prairie Airport,Grande Prairie,CA,medium,8502
YQX,Gander International Airport,Gander,CA,medium,10200
YQY,Sydney / J.A. Douglas McCurdy Airport,Sydney,CA,medium,7070
YQZ,Quesnel Airport,Quesnel,CA,medium,5500
YRB,Resolute Bay Airport,Resolute Bay,CA,medium,6500
YRJ,Roberval Airport,Roberval,CA,medium,5000
YRL,Red Lake Airport,Red Lake,CA,medium,5001
YRO,Ottawa / Rockcliffe Airport,Ottawa,CA,medium,3300
YRT,Rankin Inlet Airport,Rankin Inlet,CA,medium,6000
YSB,Sudbury Airport,Sudbury,CA,medium,6600
YSF,Stony Rapids Airport,Stony Rapids,CA,medium,5050
YSJ,Saint John Airport,Saint John,CA,medium,7000
YSM,Fort Smith Airport,Fort Smith,CA,medium,6000
YSQ,Songyuan Chaganhu Airport,Qian Gorlos Mongol Autonomous County,CN,medium,8202
YTH,Thompson Airport,Thompson,CA,medium,5800
YTS,Timmins/Victor M. Power,Timmins,CA,medium,6000
YTY,Yangzhou Taizhou Airport,Yangzhou,CN,medium,10499
YTZ,Billy Bishop Toronto City Airport,Toronto,CA,medium,3988
YUL,Montreal / Pierre Elliott Trudeau International Airport,Montréal,CA,large,11000
YUM,Yuma International Airport / Marine Corps Air Station Yuma,Yuma,US,medium,13300
YUS,Yushu Batang Airport,Yushu (Batang),CN,medium,12467
YUX,Hall Beach Airport,Sanirajak,CA,medium,5410
YUY,Rouyn Noranda Airport,Rouyn-Noranda,CA,medium,7485
YVB,Bonaventure Airport,Bonaventure,CA,medium,5985
YVC,La Ronge Airport,La Ronge,CA,medium,5000
YVO,Val-d'Or Airport,Val-d'Or,CA,medium,10000
YVP,Kuujjuaq Airport,Kuujjuaq,CA,medium,6000
YVQ,Norman Wells Airport,Norman Wells,CA,medium,5998
YVR,Vancouver International Airport,Vancouver,CA,large,11500
YVV,Wiarton Airport,Wiarton,CA,medium,5021
YWG,Winnipeg / James Armstrong Richardson International Airport,Winnipeg,CA,large,11000
YWK,Wabush Airport,Wabush,CA,medium,6002
YWL,Williams Lake Airport,Williams Lake,CA,medium,7000
YXC,Cranbrook/Canadian Rockies International Airport,Cranbrook,CA,medium,6000
YXE,Saskatoon John G. Diefenbaker International Airport,Saskatoon,CA,large,8300
YXH,Medicine Hat Regional Airport,Medicine Hat,CA,medium,5000
YXJ,Fort St John / North Peace Regional Airport,Fort Saint John,CA,medium,6909
YXL,Sioux Lookout Airport,Sioux Lookout,CA,medium,5300
YXS,Prince George (International) Airport,Prince George,CA,medium,11450
YXT,Northwest Regional Airport Terrace-Kitimat,Terrace,CA,medium,7497
YXU,London International Airport,London,CA,medium,8800
YXX,Abbotsford International Airport,Abbotsford,CA,medium,9600
YXY,Whitehorse / Erik Nielsen International Airport,Whitehorse,CA,medium,9497
YYA,Yueyang Sanhe Airport,Yueyang (Yueyanglou),CN,medium,8530
YYB,North Bay Jack Garland Airport,North Bay,CA,medium,10000
YYC,Calgary International Airport,Calgary,CA,large,14000
YYD,Smithers Airport,Smithers,CA,medium,5000
YYE,Fort Nelson Airport,Fort Nelson,CA,medium,6400
YYF,Penticton Airport,Penticton,CA,medium,6000
YYG,Charlottetown Airport,Charlottetown,CA,medium,7002
YYJ,Victoria International Airport,Victoria,CA,large,7000
YYL,Lynn Lake Airport,Lynn Lake,CA,medium,5000
YYQ,Churchill Airport,Churchill,CA,medium,9200
YYR,Goose Bay Airport,Goose Bay,CA,medium,11046
YYT,St. John's International Airport,St. John's,CA,large,8502
YYY,Mont Joli Airport,Mont-Joli,CA,medium,6000
YYZ,Toronto Pearson International Airport,Toronto,CA,large,11120
YZF,Yellowknife International Airport,Yellowknife,CA,medium,7500
YZP,Sandspit Airport,Sandspit,CA,medium,5120
YZS,Coral Harbour Airport,Coral Harbour,CA,medium,5000
YZT,Port Hardy Airport,Port Hardy,CA,medium,5000
YZU,Whitecourt Airport,Whitecourt,CA,medium,5800
YZV,Sept-Îles Airport,Sept-Îles,CA,medium,6552
YZY,Zhangye Ganzhou Airport,Zhangye (Ganzhou),CN,medium,9843
ZAD,Zadar Airport,Zadar,HR,large,8202
ZAG,Zagreb Franjo Tuđman International Airport,Velika Gorica,HR,large,10669
ZAH,Zahedan International Airport,Zahedan,IR,large,14042
ZAL,Pichoy Airport,Valdivia,CL,medium,6870
ZAM,Zamboanga International Airport,Zamboanga,PH,large,8560
ZAT,Zhaotong Zhaoyang Airport,Zhaotong,CN,medium,0
ZAZ,Zaragoza Airport,Zaragoza,ES,large,12198
ZBF,Bathurst Airport,South Tetagouche,CA,medium,5613
ZBR,Chabahar Konarak International Airport,Konarak,IR,medium,12514
ZCL,General Leobardo C. Ruiz International Airport,Zacatecas,MX,medium,9843
ZCO,La Araucanía International Airport,Temuco,CL,large,8005
ZEL,Bella Bella (Campbell Island) Airport,Bella Bella,CA,medium,3700
ZHA,Zhanjiang Wuchuan International Airport,Zhanjiang,CN,large,10499
ZHY,Zhongwei Shapotou Airport,Zhongwei (Shapotou),CN,medium,9186
ZIA,Zhukovsky International Airport,Moscow,RU,large,15092
ZIG,Ziguinchor Airport,Ziguinchor,SN,medium,5069
ZIH,Ixtapa-Zihuatanejo International Airport,Ixtapa,MX,large,8222
ZIX,Zhigansk Airport,Zhigansk,RU,medium,0
ZKP,Zyryanka Airport,Zyryanka,RU,medium,0
ZLO,Playa de Oro International Airport,Manzanillo,MX,medium,7218
ZMT,Masset Airport,Masset,CA,medium,5000
ZND,Zinder Airport,Zinder,NE,medium,5988
ZNE,Newman Airport,Newman,AU,medium,6798
ZNZ,Abeid Amani Karume International Airport,Zanzibar,TZ,large,9915
ZOS,Cañal Bajo Carlos Hott Siebert Airport,Osorno,CL,medium,6398
ZQN,Queenstown Airport,Queenstown,NZ,large,6204
ZQZ,Zhangjiakou Ningyuan Airport,Zhangjiakou,CN,medium,8202
ZRH,Zürich Airport,Zurich,CH,large,12139
ZSA,San Salvador International Airport,San Salvador,BS,large,8000
ZSE,Saint-Pierre Pierrefonds Airport,Saint-Pierre,RE,large,7000
ZSJ,Sandy Lake Airport,Sandy Lake,CA,medium,3500
ZTH,Zakynthos International Airport Dionysios Solomos,Zakynthos,GR,medium,7310
ZUH,Zhuhai Jinwan Airport,Zhuhai (Jinwan),CN,large,13517
ZYI,Zunyi Xinzhou Airport,Zunyi,CN,medium,9186
ZYL,Osmany International Airport,Sylhet,BD,large,9478
